Batch_Size_24,Batch_Size_32,Batch_Size_64,Batch_Size_128
0,0,0,0
-215.4228185,-138.3141912,-251.0381978,-152.2067693
-228.1584879,-175.5244039,-220.3873469,-118.1373977
-148.8328044,-161.9888916,-99.04784394,-132.6577225
-201.473129,-185.8109106,-83.85470962,-179.9785919
-157.7535604,-112.5255686,-167.0377121,-131.823878
-154.4260152,-251.0287475,-161.584287,-197.7505392
-246.0499573,-319.245224,-126.4804535,-106.0108465
-105.5975418,-103.4394741,-185.8067347,-150.7877299
-281.586965,-175.041069,-128.9878464,-119.0936101
-147.3904216,-125.9275703,-125.7335154,-142.4819743
-311.9644903,-186.5581182,-149.6648509,-225.777359
-199.3431714,-201.1793594,-215.6143875,-117.1884994
-109.1604869,-214.3515371,-196.3671442,-218.2866135
-224.2000478,-111.4627151,-224.3664398,-91.69237265
-203.5088069,-218.9939728,-272.3170776,-101.4679578
-107.0770709,-153.63016,-103.3838476,-112.1170807
-115.7611695,-228.4380951,-57.21579203,-148.1792577
-85.43221029,-215.0832977,-239.279274,-184.140269
-134.9705836,-127.2123388,-127.9965865,-90.20128122
-204.5227407,-131.3134079,-183.2229233,-132.5986806
-149.572876,-119.2534129,-230.6999919,-295.0941035
-191.5651016,-176.6297417,-100.2191493,-259.4161886
-111.607488,-197.5281779,-178.5309194,-84.9602534
-154.8140691,-120.1233342,-273.5420939,-225.5757446
-176.6284103,-90.13203367,-229.3013611,-84.63598886
-202.6254807,-212.4628296,-171.9890111,-145.3557281
-93.62423451,-215.7372844,-111.3110428,-131.2872263
-94.87491799,-66.84182707,-154.1768036,-64.91159566
-115.4626719,-64.0860869,-46.91684342,-82.97204463
-129.8292821,-113.0810496,-211.0025482,-229.0506363
-211.4269358,-138.5487137,-120.017746,-60.05875651
-92.02450689,-178.7157389,-150.294782,-98.64478046
-90.99766031,-89.52370579,-76.73810196,-112.4206174
-88.16128729,-108.6510188,-83.67080307,-144.9205958
-175.1327235,-110.5163702,-303.2030385,-132.3894679
-185.4242478,-95.28387579,-153.1368815,-136.620931
-159.7108205,-114.4945003,-86.26216889,-183.8468654
-121.1268311,-122.5741831,-174.0182216,-111.5539042
-134.5761388,-73.12059784,-108.8100128,-105.0989838
-122.8636525,-136.2357661,-85.43788911,-108.0281385
-170.6077067,-208.6819661,-89.79071935,-149.4569575
-205.8851725,-84.69969432,-65.85081535,-73.48766136
-99.61366526,-74.23037847,-130.2209473,-125.4208044
-148.6884969,-77.50809607,-131.1590093,-75.7187198
-163.113528,-88.6913414,-73.3800354,-116.2579981
-93.60318629,-101.4682312,-61.07989375,-113.4862035
-118.4013799,-104.5707016,-106.1760762,-89.39302954
-158.8155823,-113.0142428,-100.0296122,-65.27221553
-60.16597621,-134.4822159,-72.81603497,-141.8927714
-135.8904546,-57.13436539,-186.9337845,-67.14423116
-95.31909945,-71.48384601,-94.5129013,-108.2100957
-105.8429082,-73.17538833,-88.90930177,-97.2318077
-79.5314261,-109.1974487,-122.7220764,-70.77742132
-153.5491689,-76.53037771,-87.51245626,-70.40131456
-152.629804,-90.05344775,-65.79465676,-143.2877732
-34.14036941,-80.85157394,-160.8403575,-151.0768674
-129.029719,-103.678037,-79.36146545,-69.90215109
-86.06067404,-56.45724487,-92.10464985,-79.02579118
-61.89403151,-69.29481952,-97.6547826,-98.37089285
-62.40387726,-80.76202391,-96.38520557,-113.7786204
-115.0296605,-165.0085614,-90.06936137,-91.28514609
-132.0629222,-70.84791564,-68.11081696,-82.08465831
-107.3742319,-67.16177495,-82.61519748,-72.39789645
-93.03957113,-101.2742437,-106.948761,-108.0242996
-37.77659925,-77.75630825,-81.83808516,-71.37110519
-66.26341248,-69.03367869,-110.8883057,-86.66253918
-116.3105037,-79.62695693,-54.82222494,-51.01401138
-194.7830785,-16.48396492,-136.3876877,-91.37798819
-112.4208806,-127.2097142,-67.60130437,-72.07128906
-75.56964747,-116.3004634,-82.19411088,-58.82887904
-103.5870488,-86.50757599,-109.3437678,-76.3586146
-63.04547246,-79.95595042,-100.7487539,-100.2643483
-76.29106204,-78.93712236,-154.145462,-75.6717453
-69.2240308,-107.1732547,-32.60630037,-82.40021768
-91.89935811,-97.03381982,-110.6207835,-122.2705663
-70.24443691,-85.45846048,-114.5920537,-58.11235046
-57.59075992,-173.8915304,-86.39776483,-79.34188843
-79.10375594,-57.91995112,-91.53510794,-68.7817599
-98.46457164,-81.10656738,-88.22898484,-104.1229782
-76.2768949,-59.03502846,-118.274587,-46.7385362
-46.90200488,-82.02923967,-100.080986,-61.98398019
-77.15291087,-87.18515522,-70.15990194,-40.30289713
-59.10523097,-75.8301824,-138.9914335,-57.33853912
-88.07319897,-113.4297079,-90.48342388,-49.90668869
-81.93944424,-93.89072417,-77.97738012,-38.69876957
-80.31982676,-63.69962756,-89.37376403,-66.24843597
-91.50634002,-84.67905935,-86.2736931,-48.04972839
-79.18090947,-77.9577751,-122.137263,-69.78154501
-74.59394202,-75.30294927,-65.75039418,-87.56876372
-55.60608195,-86.78200277,-61.9062678,-48.3189071
-48.67174975,-55.40417417,-67.08639398,-106.11763
-78.6329689,-78.69706407,-34.86312739,-41.47400618
-67.19164403,-80.05173619,-134.1270549,-76.61775018
-50.13987477,-69.22187041,-52.11082268,-50.89780998
-98.97893525,-57.00861804,-61.98320134,-57.82072576
-79.61176044,-103.4033585,-96.46784335,-52.38205592
-63.6012764,-115.2148565,-143.0570323,11.29550425
-71.60111873,-73.9787267,-85.55875271,-46.50894419
-86.9838333,-99.72015381,-140.9183464,-60.58846857
-51.67853896,-53.25126775,-164.6315537,-149.9399757
-114.4219818,-24.37801933,-153.1021436,-52.01490911
-31.48566778,-52.87028885,-94.89505133,-50.71524906
-97.12618892,-138.4363162,-143.5758179,-27.14213562
-98.48167164,-96.24468995,-156.0426318,-54.41124217
-12.87308693,-94.31530636,-88.73394649,-17.88025411
-25.18485626,-53.40996076,-75.67766189,-29.92234357
-109.9676105,-73.98040772,-92.30867514,-59.03626824
-100.6824188,-65.36802928,-98.71752708,-57.36438751
-70.36371485,-67.90805308,-52.4194603,-180.038607
-141.5213521,-92.25273006,-194.3917643,-61.37928136
-84.53910066,-47.6740818,-40.41862488,-56.70245361
-40.1104749,-54.78133329,-140.0480181,-16.22820505
-59.43039704,-104.5188471,-71.84811083,-38.30223338
-68.26698907,-77.13864135,-96.76484174,-67.97643153
-87.63431041,-55.2548434,-71.720459,-96.18311818
-62.78784179,-73.46331407,-85.77569072,-122.7872467
-105.4258753,-84.03135301,-153.2359924,-120.0431882
-90.97616203,-67.30320613,-53.72937773,-175.4780547
-87.29857764,-69.78358841,-120.4929075,-46.61582311
-123.7180913,-114.193374,-127.4710287,-33.3810304
-67.13018303,-43.64889193,-61.92911147,-72.72164282
-46.13803609,-58.48066837,-67.88753255,-45.30084356
-184.9452146,-11.75888668,-135.9066397,-80.4898618
-77.82693992,-41.9359684,-96.28697174,-170.1524887
-125.5063667,-46.89561971,-136.933108,-55.50994079
-45.58544,-73.78959276,-108.9809151,-66.89084436
-102.6253789,-59.03742983,-74.32980601,-106.4983851
-64.5961558,-63.8081913,-114.7113463,-67.74374898
-35.09635099,-106.0283101,-59.74018033,-117.1712488
-104.1428054,-40.09193548,-91.78424836,-19.24764315
-46.8124396,-45.88481609,-36.38738759,-38.7345438
-29.54642677,-54.3861599,-131.3461329,-125.0316823
-27.13132159,-51.45460638,-25.69447136,-47.89705658
-177.6765874,-104.1958936,-106.4562347,-12.77425162
-103.8444023,-70.97404243,-185.057607,-73.5781382
-39.48130862,-207.1787008,-94.7284902,-40.61112944
-75.19425584,-123.1543058,-55.8273379,-80.37347111
-166.6660512,-214.6616465,-146.8631347,-37.50502586
-103.1733481,-143.5348489,-158.5948741,-26.80182203
-82.91409652,-211.3010839,-112.9738089,-34.36602465
-31.9941241,-53.44209798,-103.7785072,-13.14883741
-132.6678314,-159.2258275,-115.3177571,-172.2073231
-139.6958939,-105.6359914,-147.2881088,-35.17047755
-54.44935862,-46.22030513,-53.59789583,-5.366604806
-97.69748689,-161.5993602,-64.7946526,17.96414437
-139.3883724,-50.47771104,-133.3973853,-16.63818582
-34.89613469,-49.38682938,-201.3720601,24.01202647
-180.3463771,-42.21986612,-181.9481507,-0.09379387
-67.42644817,-65.7894745,-54.64249959,-6.53763199
-76.62634659,-47.67733828,-120.0984866,0.341236107
-52.01611241,-40.58701102,-65.88920148,-58.92311222
-17.36303139,-60.18811703,-23.02168561,-140.6864179
-105.2382571,-73.81172053,-28.77980222,-36.96321869
-58.91290919,-156.5840912,-110.9564422,-25.94467418
-173.277298,-116.3844401,-196.9077918,-55.46067556
-80.90051332,-48.33342997,-100.3594373,-58.06620091
-87.41783333,-54.66134645,-2.831342062,4.918820694
-58.20290025,-11.68325043,-59.66718673,-84.1314802
-64.58852768,-29.87710063,-59.6769549,33.46109287
-26.24585247,-91.56653991,-62.52168147,-73.82456462
-74.7886308,-63.19560879,-19.19081116,-55.72763443
-74.32434762,-41.61721039,-45.50895437,-69.64793142
-85.75978152,-23.62358983,-23.6163292,-59.88153203
-34.05150604,-90.41451137,-102.7479146,-59.79579608
-49.81577365,-45.87344585,-66.83319473,15.24218241
-134.6901805,-98.26779176,-57.90810394,81.16673279
-28.54781151,-53.06612047,-92.48953407,-45.95357117
-42.08710608,-26.19064458,13.71786499,-55.82000605
-26.88046201,-2.996562967,-80.68130749,-6.887029017
-34.32913617,-95.55516052,-58.24850354,-163.7000605
-67.4233373,-21.49709703,-33.32535108,-8.002580544
-36.47566593,-82.67131806,-41.46273295,-12.49797249
-47.17207337,-49.46256733,-193.4327028,-26.43704533
-71.78702799,-49.68183772,-27.20047712,-13.42487081
-61.88580322,-89.37166341,-112.3787104,-24.19936116
-133.7288564,-66.57549794,-82.90241242,-36.6663386
-56.9920737,-62.25005466,-26.53204409,-12.6946195
-40.02605692,-20.63532194,-38.56104903,-34.89699105
-64.05683644,-96.28840607,-57.4169906,69.59734598
-28.95052026,-16.64195697,-52.49462556,40.07442409
-37.85280578,-88.84724425,-30.80036418,10.95333735
-56.30743917,-108.835317,-30.90370655,-59.6518809
-54.5750707,-5.64350089,27.19964472,14.5906601
-53.24147542,-119.7628848,-34.46937863,-79.47633933
-50.4189148,-94.51139197,-56.78523396,-29.18243408
-71.68463263,-118.4214732,-98.78192201,-56.3257103
14.72353363,3.179939588,-52.94161097,36.73160904
-79.75316493,-64.12628682,-43.92274284,-46.79379653
-33.13860893,-58.28772988,-59.67783802,98.79435642
-35.57456716,-82.23006184,-90.3732036,-70.48099058
-48.03340912,-244.6379242,-68.56233344,54.78307534
-27.82627773,-260.2744306,-92.88491378,-191.0676664
-62.6066068,-67.24516933,-23.23624722,55.73176321
-17.04672241,-129.2613233,-7.154717127,-42.0900472
-56.63214429,-114.7927119,-125.1343598,16.21253521
-35.44855881,-53.24781827,21.50527698,31.73470004
-34.15774027,-103.2402928,-70.8542153,116.7005348
-25.93289045,-116.4517771,-135.9783135,-11.97883716
-57.58608691,27.03608449,-84.71688337,60.26885064
-31.26710574,-10.95278176,-127.0127667,94.48689395
-23.28504006,17.82267094,-66.20032224,147.2907224
34.35750072,-64.22092438,-11.65778858,42.41511789
51.26325734,-48.59492526,16.56062828,140.2150904
-9.426851592,-75.64092255,-65.14439472,38.28204601
-44.13791784,-49.59997463,9.38612746,38.11513805
-47.47019132,-100.8909899,-72.53060279,77.45593263
-52.29137357,-73.94609516,-60.47395802,64.19070624
-83.17879232,-74.4339377,-54.79349518,36.74972154
-20.0643843,-90.42991751,-50.7093684,120.9519415
-5.9893802,-62.29886152,-74.6598142,80.94338354
-15.30093813,-21.78555169,-107.0905126,81.93938191
3.004565555,-78.82934696,-72.80753709,88.23775737
65.98919231,-118.5213547,-84.07076391,67.95734407
-31.23327017,-106.1802089,62.33362952,-173.1747182
5.489865617,-23.85080449,-7.193191517,89.2885844
-22.85434914,-105.8456167,-76.030852,18.6568381
-33.39795049,-67.72449526,76.39525542,124.565183
-51.58590317,-70.44803174,-119.3373642,1.631011957
-25.82996686,-66.85962296,-106.0146548,49.04457252
53.64221892,-75.99254988,35.05229187,-93.65108554
3.337041223,-24.53077968,136.4257723,190.0895087
43.85473126,-24.71553055,-39.16537698,-19.14822642
26.21893269,-24.42662557,10.59199268,98.03664525
36.24853897,-13.10416404,64.73957979,103.3114878
43.54969152,-6.836699803,84.05058478,-44.8336868
-39.25499376,-69.03716523,91.98067727,50.60298666
50.2013394,-46.1967144,31.24522715,41.32264454
78.20436986,-16.73184713,-150.6266238,55.69560625
64.4382232,-61.58635966,76.414388,-17.54830427
58.29892674,-0.278541563,-121.7401256,53.00764466
37.56907366,30.30520455,75.00245952,1.9197998
78.11994901,12.46992684,34.5719795,147.4859645
-59.66618467,-14.00556184,10.70366352,-24.85061773
-0.779576617,-26.40077432,-185.4456546,43.48139795
54.01445896,-27.35627111,-94.69811759,-333.4361064
-16.2611084,-75.78981718,-29.96237961,91.24887593
127.3834496,-145.1472066,-166.6828931,35.66216149
97.18722027,23.7510694,155.0139224,-23.56030686
60.02054055,20.41692257,22.69332186,66.66763815
22.98076116,72.78649141,55.29597856,131.2871729
83.56196722,-68.30918898,32.07812246,78.5469246
14.36531322,-93.55363909,75.77857971,73.20114643
-49.36544959,-25.09169165,12.83716328,99.40151977
-46.97569911,-29.09905298,213.7081706,46.8109563
-12.69907618,57.84821098,31.46940914,54.83492027
-35.5304966,52.47395898,96.86935107,141.2048855
-72.02705892,22.16237832,52.34893544,62.39338461
57.18827629,-39.224684,189.8046163,40.7053324
-24.93985009,-14.09439214,13.56524663,252.0478668
-6.658818567,-3.98180898,23.49055607,51.73179117
-106.0166334,-50.61432139,142.3538438,249.1533305
-87.30343246,-89.02872723,119.9749781,127.7880885
-97.54292998,31.93805633,88.74619041,-86.6166636
29.34577814,40.58648363,54.80238039,106.4255295
19.53092224,-75.12458929,138.6275062,21.03383637
45.96127955,83.85082498,15.8235925,243.4361369
-61.03633515,38.77923012,106.3185501,69.34229438
-29.25232061,52.7334334,147.9518882,3.955184917
20.47732353,-102.1025202,-33.10577557,-23.02825929
18.40778446,-24.62011447,93.97532403,247.1617686
-54.58339724,-82.1959559,-75.51977985,-20.71812311
-50.3960406,-14.35858026,26.51903533,242.393631
-38.03659948,-0.019825617,78.04588317,52.76193743
64.30752055,-57.14653269,-7.730965933,-158.1733971
130.0343466,29.69535065,-142.4510956,144.5419744
53.15281803,-80.4050344,58.3871714,-50.76614383
-48.15461857,52.73835501,41.25425084,143.9231287
135.6814877,-117.9587962,-54.07486598,174.8817329
67.71323586,68.83553567,193.1516546,199.6908773
14.61567562,28.85120027,67.35394669,13.76422754
56.27772221,45.0287156,145.8898315,152.9109548
100.6786626,-68.42929905,-6.806752523,219.0199483
118.8543793,20.00081824,-2.926478067,151.3245214
-54.81995407,-48.9177777,-17.99095408,-153.2331619
67.19526673,27.81943702,54.74298731,238.4650218
14.31937727,-52.37678021,115.7768402,-180.2404658
96.22209823,-45.14496359,57.2449881,-64.96123574
252.803126,76.60378265,159.0699463,-181.1516978
91.7625122,114.158755,64.20183817,144.1743215
97.56882094,121.6708692,157.3058522,144.8944588
154.1583252,106.1451357,136.4871801,116.4284096
71.9620158,136.8919246,236.556956,27.93054835
68.69839477,86.90332413,170.9899216,86.84652075
37.06523196,79.42947704,86.29730987,234.6336415
-76.83057653,23.14010491,24.0602722,253.0430756
12.72203445,-89.79880649,3.859641252,144.8676561
-111.1744436,94.46178991,128.8479506,223.635849
49.89490257,159.4949352,111.7710393,80.76211294
181.2821541,51.30254619,1.407035827,129.7338155
-155.5739822,-49.64459546,128.5543515,123.8587011
38.93826803,52.33845648,-7.009342513,152.1353963
9.41162934,142.5245158,142.7700907,197.5352504
51.65187518,212.4628245,135.3932305,177.6179721
12.27331289,60.49011706,227.2435964,137.8514735
116.4686279,100.7445475,117.3516452,67.67828622
138.4414787,99.8536733,25.46085867,188.4340156
-29.1905698,189.7248891,-135.6524894,121.3073807
-7.52011361,112.173055,116.8100942,161.4687376
64.61459669,118.7030792,171.2873077,-26.1136627
209.7681935,44.28382557,100.6358118,81.77525711
-89.21499634,107.3832626,154.7433551,218.9700317
175.5242423,75.41657234,133.7565962,148.9889043
23.71803314,164.0589206,107.9243062,129.7398049
243.853363,108.8394318,215.746638,27.6753133
232.5133463,71.18930753,142.5170806,161.5224152
245.1160583,58.40569561,49.97488975,25.30844755
205.4607697,210.4728139,34.72515615,116.6684112
34.75927227,158.9236615,245.9144287,5.532697037
147.3074672,165.9582863,27.44565774,-125.7638359
191.6516855,14.34299152,133.0964308,86.57455953
56.71422577,162.195207,73.94904073,101.9294332
252.5933024,7.0385437,106.9487051,175.2890625
234.2896779,26.68032582,132.4498087,35.3917389
44.46331788,107.3637136,139.1310762,2.893193543
74.9922727,235.8920187,93.01155091,118.458491
169.4612694,43.6279246,-130.2214928,145.4073054
129.9032682,131.7958629,-45.9361558,-50.20151773
284.2274678,114.4976323,185.1617762,-66.02078247
58.87889734,31.79926141,25.64930854,-98.81019436
172.5616417,167.5328681,96.82801689,158.1917941
56.50714621,66.87601217,-52.87935639,151.0068156
26.29443615,137.3947576,179.3392919,-50.44323476
260.8797557,130.7995834,211.9054998,-4.970321633
-59.01017951,103.5276896,199.7910296,134.1127036
102.2089564,230.4563344,114.4309781,207.6389592
250.6415863,52.4788561,77.38765526,73.87790937
104.8360138,246.4429881,30.46274059,177.6738739
157.24639,228.0778096,124.8877156,32.50446574
155.2607641,-37.77298293,150.427255,30.068985
109.0819905,-15.3213094,84.1823171,-189.9309057
142.9770775,157.0159086,168.3442637,217.3443756
127.0515437,132.8945796,109.6741905,258.033727
212.2157288,128.4685542,-18.96384938,103.0220896
82.8543803,101.3319193,128.5603841,165.2311681
22.58237266,124.9294739,122.9733022,33.12701927
131.6963437,179.7242508,256.6087494,175.1563924
104.9490344,237.7002564,194.793218,99.8670705
-21.49743272,138.5373485,56.58026537,89.93699552
136.1108704,227.275945,141.1885619,108.5330502
169.6874329,113.5889791,171.6984059,165.3932893
-81.70637513,169.8992106,167.7738724,112.1161311
-63.09661863,184.0681928,-15.20532735,271.9366455
115.4635417,178.7447726,43.62962342,89.67870713
108.7524872,260.2796427,-58.59102373,-123.4193331
23.52684531,128.4872837,158.4917933,-84.79816183
233.4252828,-14.82779566,24.53468576,254.9813945
-124.3216747,230.1763967,70.88984267,54.5506606
117.7545598,237.793691,-52.38609317,154.2099381
238.4095103,196.6485768,188.2235324,160.9045029
120.0504277,186.1429049,129.86085,147.7701652
249.1956991,141.7488683,-53.8274765,-23.91664762
69.1503207,163.1150004,238.7209473,183.4733512
122.9120223,256.2560679,86.41071573,154.6113993
21.78119279,231.9618734,63.37316893,-49.43520608
205.4906514,242.3462728,131.6073964,176.9931551
159.5317745,265.1990662,-106.6636057,96.49378872
171.6828289,165.9567897,-12.10135397,160.3502156
58.97826704,253.8146973,-189.6138407,75.7232558
118.2955831,266.13974,68.44531633,110.5320333
159.9838791,273.0371501,-28.60346604,165.5240161
215.1426849,267.4920451,79.6355591,147.8478432
194.6216288,-24.8309911,78.86193436,268.4043426
165.2461929,149.1038437,1.865582767,173.0963351
137.2023366,261.8446859,-217.2558034,28.11414592
257.3352458,153.9583448,-96.80293878,171.2983021
275.1987915,29.8163045,83.67956543,162.8193378
170.5094293,166.1751162,157.6099065,42.67433673
247.5586446,154.7084808,-103.6944071,253.6072438
225.8275502,197.9992447,-15.54545083,-31.07065772
159.26113,172.2553914,106.3563512,174.4327898
218.2211965,130.3623784,148.5964559,81.7500763
166.7794844,223.1234945,134.2068558,-52.36813353
169.8530629,158.8193817,34.16039402,46.90329489
164.6585299,218.9695155,262.6056417,252.580129
95.46685282,235.3651072,84.14557712,141.1445312
251.9817454,269.9029287,33.66460798,1.105173757
232.0427043,146.7913615,46.13732734,61.48850472
149.8000825,202.1306966,152.2465642,239.9018606
251.638565,60.5988973,94.56496301,156.6009963
166.25687,152.6916033,223.8981272,260.3294474
268.6805013,108.7466074,156.3196379,254.4950307
96.01457915,64.16330941,47.57668812,277.5427653
98.29089992,104.9755554,48.16467287,148.6106148
89.53370158,113.5457052,141.2510007,93.4260152
80.91749065,238.2553711,96.67952983,25.57600595
220.2577769,266.9832662,42.07212322,38.44561578
177.2983862,168.4962948,104.0258128,261.9193166
243.1516164,-45.4924418,-30.36766687,138.6259097
252.9627787,269.4565786,117.486557,70.8782908
156.9318008,262.764801,-9.27978515,265.4883219
240.3184,89.58390762,137.4103317,248.5431417
156.4910761,32.17405573,270.6468506,191.9554863
186.1152941,96.4468028,77.493337,89.76781399
186.2270584,82.03108977,182.4041179,84.03277396
164.3659064,174.7421351,188.1558743,139.4608231
257.9584503,122.3819784,29.59320325,164.0515321
159.706262,166.3508956,122.602801,160.0288074
259.0725606,146.606547,140.3363419,211.1819865
186.9786326,219.6012319,58.4936727,133.5043818
263.9444885,242.4704437,224.3988749,87.2371378
242.4696248,-50.97722373,-75.49976097,265.800944
255.5565745,-53.01873395,235.2854869,155.3015785
132.36964,141.8898341,-92.97314453,248.7979228
210.9767049,239.7500458,45.75749746,-94.93933615
239.7442119,211.0972519,53.56887905,242.6901703
256.5421092,173.2678757,106.2373479,173.8503336
186.1160609,98.05303195,48.46492004,52.47445806
255.0943756,-63.83937264,170.2550213,-60.50153476
249.1277618,222.668129,-101.1353992,247.9762319
195.0929591,226.2131348,109.2233683,-71.93115747
147.6271098,256.3741074,89.75273608,207.5903371
223.3119456,278.4976654,89.62688447,188.8616174
264.0688578,227.1548996,18.58252587,-43.52459081
244.3108368,112.5642724,170.3754444,260.1569214
244.3970897,246.4811783,156.0734749,97.79496955
239.8637695,230.1972885,120.8863474,108.5034383
262.0877024,71.49205018,106.2538859,20.76801937
147.3933741,270.4259949,95.89850616,28.90103628
73.5358683,73.2327385,173.8541304,83.15004987
253.3777313,-31.78219223,104.9633433,-23.30719757
45.0009206,258.2793961,276.3564249,124.2503103
239.8225454,259.7759705,100.6563873,270.0348256
140.5822703,143.3305378,184.5785782,265.2609914
255.8554026,114.8832283,70.5030721,265.7543386
263.9881694,247.6828843,229.6331075,114.8598633
251.424825,245.8075257,251.5613454,230.0366415
131.4272092,272.7469177,166.4089413,27.88602705
286.2596486,273.7790833,86.0309957,-63.40426382
158.2568213,226.3121872,229.371226,57.53322188
242.3223826,264.078186,227.0518392,186.3916372
275.448405,252.3635101,167.5407093,36.81013363
257.5083262,205.1064911,263.4598287,240.1520386
263.4815216,255.1595765,277.5306091,242.3232473
272.0326335,228.155983,208.6289927,253.8773498
121.4063441,132.2365236,269.16804,256.5924988
115.5336965,130.2626919,149.4475581,249.9861705
121.7548251,248.9472504,245.1472626,257.4689128
246.3960267,246.9081192,137.7695643,152.8381983
296.8493042,255.0380707,243.8086192,273.3436889
120.6400833,242.1152115,253.6974487,183.7525419
6.4042969,221.9923249,-0.056142827,258.300532
198.4573364,146.4819164,112.0844116,164.223601
258.5952225,264.8696213,236.7233531,97.452713
291.2590027,248.4666291,192.6536128,273.69163
111.7466927,146.5035209,96.1842651,164.1416944
257.4855271,117.9152383,250.0416972,12.81193033
243.6153183,220.3523941,114.4560242,77.60428873
235.7574844,120.5174446,-44.01310619,270.2381541
109.4595304,95.88126755,254.8505605,257.5344747
121.9095349,238.0961152,59.92277177,266.7833862
185.8452378,224.9307099,223.0052846,171.4756369
-41.5018158,263.2093506,260.043335,261.7759806
-24.17926503,116.930193,28.23396813,246.1751251
-11.7041397,244.3395844,106.8497467,-102.3511028
109.1003799,273.5854187,139.5219523,231.1000061
144.3578979,154.2837534,120.4442062,213.4128011
97.73728942,119.8654222,109.5633392,230.1672516
-92.32547,125.5833004,236.0394694,49.55125302
231.9636841,239.6926041,41.4139608,160.9721635
-25.13680265,251.035614,234.9889323,192.1945954
-37.1246185,115.2032089,92.97297106,277.8884176
255.18116,-8.2783356,132.5008281,109.5491282
236.6478271,258.0876465,109.5621262,176.9293098
213.2725677,123.317791,170.311927,48.9622294
286.6661682,216.2435913,20.98456193,191.5314267
220.9445648,268.0053711,262.383138,191.3447444
272.5618896,248.0335388,134.9856771,265.6694285
145.1673889,231.6726837,254.8957214,128.0460866
55.01276016,249.4632111,198.5310822,261.8818156
-12.51111603,135.3361117,243.5742188,175.5909493
3.723204613,129.3916445,143.6556397,171.2266312
246.1424408,248.7569886,232.2729493,98.17275208
177.8950043,235.0613251,223.6105652,152.4401411
279.3616943,122.3087702,283.4496307,268.5765635
66.09064484,110.6678445,268.4830857,192.265557
251.4041443,259.8917008,-160.3543549,126.9713847
-337.8514099,234.632576,82.12337875,-150.3621521
264.8724976,226.1912384,234.9303513,201.6054713
57.69126511,34.16959002,241.0838699,63.90114467
249.2765045,227.2254334,263.6597367,185.277401
234.2100677,152.1970711,239.9736481,284.0413411
240.3068085,133.1821349,261.8612214,199.374443
263.631012,259.9845429,97.13326645,281.5271505
225.150238,230.4781265,251.8821564,109.4742012
224.7719269,240.7776261,276.6460876,249.2358653
245.6058502,239.7383194,272.1792145,286.698466
238.3869629,255.6399689,231.2337037,289.2165425
250.6000671,-5.9690399,150.2842979,247.0542399
215.7462769,114.8072281,94.15079879,179.0382945
242.5119171,276.0547638,239.800354,265.3178202
13.99189663,250.1484375,236.9666214,124.8226319
265.6570435,119.8095951,265.6858979,276.8483988
294.8321228,159.8818474,160.6317024,264.7120768
264.8037415,-4.8178177,242.4344483,246.3052317
229.5103149,237.0821915,246.1707687,138.1501236
244.082428,264.3292084,278.5585022,156.7155863
247.4771271,31.76288986,251.7955094,273.0396881
225.1987305,220.2192688,119.8958397,51.07856114
273.671814,280.6668091,135.6430931,260.9898885
283.1005859,271.3789063,58.91534805,64.5862325
-37.48772049,295.848053,231.1417465,181.0809059
232.7189636,149.9937592,138.7076165,258.1547903
-9.342618942,213.5286713,43.68657685,64.39993572
-36.13845444,291.1812744,141.7517872,79.42590333
232.2228546,281.3757324,165.8300457,-43.27456031
15.60033607,-34.37039948,165.5994158,240.7479655
15.80873299,-4.224928379,69.22221373,163.8425751
224.3369293,258.6950378,86.60520079,266.380839
297.3843689,244.6343384,122.2934249,135.0363719
-503.5558472,250.1676025,-0.13912965,260.034729
10.01630783,212.5796051,254.0300904,246.9467367
-35.33164597,257.2415466,-21.95411685,268.0863851
195.062149,254.3345795,261.2254334,187.3319625
215.2794342,254.1300354,139.2885056,156.7170487
264.2049561,22.06162643,170.7724495,251.324
288.936554,3.655302525,259.8097763,170.5499191
294.026886,228.8974152,249.233551,235.8564402
28.81179619,292.3804626,115.403986,142.6184184
277.9386902,292.6607361,277.8595887,268.3489533
22.51176262,302.4966736,84.89478686,263.352712
189.1161804,277.137207,231.4373779,260.7889913
257.8844299,292.4446716,38.49809265,70.1504008
262.4303284,272.8778076,250.8750763,249.8024699
237.8855591,274.4120178,296.0009003,134.1872457
221.5102997,-211.0970001,236.2252121,128.1578878
236.0599213,234.4711304,240.7318878,252.6200358
268.7273865,291.200592,40.06951905,156.5298411
278.5057983,268.0169373,245.7644959,273.0274201
230.6179962,240.1330566,235.6999512,106.2741184
197.552948,297.2716675,-36.72382832,267.7291107
255.3442535,216.438324,254.7655335,196.3536148
237.7978363,307.4907532,-170.0051575,108.3464966
271.4949646,215.7457275,272.8222657,92.20872881
217.8914185,3.156008959,276.050293,132.5540319
263.0415955,-2.004805088,270.8015595,126.1313296
275.2098694,250.6600494,254.1196213,238.1754532
265.8586731,230.123703,192.1652451,-150.7161102
243.0753479,237.9050903,8.06970215,123.3694124
259.7891235,247.3641663,226.226326,249.4910355
265.3200684,246.2927704,254.490532,250.5935135
128.7198639,298.2816467,252.7141953,259.9653244
247.7111206,104.9756012,262.0279541,252.8074341
244.0619659,289.7528381,137.7591219,289.0056763
277.2093811,219.6018829,164.0906678,281.6413727
251.1975708,245.1597595,-93.17481995,260.4955368
232.1579285,243.0847473,227.7347641,246.6202317
239.9714661,229.7415924,-48.54554745,266.7984238
-8.516464233,293.3021851,142.3141962,238.9049454
197.0014648,263.2698059,244.167656,262.4007569
200.16539,261.9572449,22.60167695,128.9195285
298.6671143,259.6356812,288.6210785,261.540062
238.0364227,231.4793091,157.195528,275.47081
113.2387238,124.432663,241.0469666,239.0105591
244.6278534,234.0088348,53.5260849,32.67711635
259.1540222,230.7363281,268.2863465,-36.9846573
259.9577026,225.5982208,31.81279755,132.4318124
290.4942322,298.1081848,290.8301697,39.0447159
264.6158142,257.4653931,226.1156235,-14.06814575
287.0392761,320.4090576,254.6352082,-4.1635971
-4.73802948,236.6825867,238.4036331,145.8281822
277.9671631,258.1563721,257.4868927,270.386322
263.4963989,-491.0130615,103.7206383,66.0235596
249.5819397,-131.7602997,108.779974,29.7894592
237.6203308,130.0363159,261.1459808,272.3223419
279.7484436,242.9708252,254.0497208,121.3553372
206.9611664,-140.4717712,130.9049645,251.9871979
272.7081299,216.8004913,148.1333837,261.5353699
301.3745422,267.2309875,34.2472229,255.7119065
200.3563385,239.2363129,292.5587769,285.3434754
297.3651733,284.3946228,220.5074921,-5.65696764
234.1655426,258.7117615,209.1422272,173.7085762
6.000285149,285.8044434,-5.913135052,163.0641403
32.93116379,254.266037,-47.72966766,223.0497818
224.1938324,255.1194458,232.3258972,236.4420166
269.9768982,270.2564087,-53.26110077,-51.65250969
234.7997894,162.5970306,221.6648254,245.6670151
207.1438446,249.4520264,237.2094421,275.6106415
,271.1405334,262.0217896,230.7365036
,209.444458,246.2654877,48.7937393
,255.2078552,218.4520874,209.4572754
,235.029953,-164.3373871,139.4195878
,-263.1078491,-42.43733978,274.5939713
,253.8645782,5.811106682,252.088234
,273.6507874,61.40727997,84.67448805
,242.6680145,-6.517186642,266.7727356
,237.6382141,248.9607849,244.3875122
,284.4498901,302.5920105,237.7193299
,244.6266632,274.2442627,144.7792883
,299.5041199,-45.00444031,-15.6417389
,269.5551147,177.4620209,110.7378507
,248.4587555,287.4036255,261.937233
,274.8911438,41.908741,267.3245545
,,184.6968231,269.2996674
,,41.83462524,-6.6477203
,,279.4572449,265.0149155
,,134.6484375,61.3034973
,,262.5948181,275.043808
,,271.0190125,-236.5129471
,,280.9795532,294.6842194
,,190.781601,-38.6722565
,,45.99787521,-128.608944
,,-2.842699766,101.3190003
,,2.460267782,268.8810883
,,275.3978882,242.6647568
,,148.0494537,274.377182
,,239.1754761,-238.0217438
,,275.35672,-190.7089386
,,275.5245056,270.4337769
,,13.9012413,-97.04762268
,,-18.18902779,-29.75827408
,,21.70185471,271.6450806
,,-11.04570866,245.9792938
,,193.5067291,-366.0099792
,,-276.1997986,-24.87828064
,,-32.17204666,-232.4882813
,,180.4762573,274.8082886
,,209.3312378,225.3375854
,,283.8945618,-237.1408386
,,192.1348572,288.4195557
,,11.41288757,294.5228577
,,241.0854645,281.073822
,,-33.18184662,245.2834015
,,260.7580566,-100.8841476
,,0.41149196,267.4215393
,,241.1634674,262.7209778
,,263.7197571,265.2921753
,,260.3322754,-222.2893219
,,289.6195068,267.1585693
,,257.3920593,-226.5462189
,,251.8006897,245.0809631
,,272.1239929,228.1152649
,,257.7843933,278.0895081
,,261.0541077,252.0954437
,,-6.472626209,-21.66627884
,,242.8334351,-137.3002014
,,-4.014759064,300.3373718
,,178.7858429,267.2129211
,,0.566209257,278.8427734
,,224.3725586,260.2766418
,,251.5993195,267.2536621
,,266.7149048,37.63594055
,,233.023819,-164.2838898
,,268.6026001,259.4919128
,,249.7894897,-297.5669861
,,269.0816345,257.2102966
,,255.7945251,-37.15653229
,,244.6941833,47.41095352
,,49.72915649,237.4806671
,,230.3903046,278.5644531
,,197.9470673,14.89674282
,,249.2130432,253.8447418
,,56.85308075,254.7935638
,,260.7911987,242.4325409
,,245.9168091,262.0957642
,,239.1600952,268.9608154
,,251.2537537,258.2633362
,,20.16445923,249.7314911
,,250.2388458,51.734272
,,-59.52928162,294.9918518
,,53.81554031,298.7347717
,,250.0506744,-166.8006439
,,203.3963623,31.75062752
,,25.616436,275.4581299
,,60.68039703,37.86033249
,,187.6464233,-68.25592804
,,50.9409523,167.8295441
,,147.6357117,257.7321777
,,166.7789001,-2.940307856
,,-59.53860474,287.3851013
,,292.911438,-3.509917259
,,239.6410217,289.7843933
,,276.7659302,268.1313477
,,249.3937225,-210.610672
,,261.6544189,285.8621826
,,-102.9303741,296.7717285
,,265.3762512,241.6614532
,,281.7909241,-204.0023956
,,270.5081787,267.0007935
,,198.8131714,315.7084045
,,263.2712097,252.3585052
,,294.7746887,245.8645172
,,257.5554504,18.259058
,,-610.9533081,-152.7453461
,,-329.9619141,270.6075745
,,237.0334473,274.8992615
,,257.0211487,263.800354
,,281.5977478,-6.748860359
,,263.0778503,278.3614197
,,-336.3242493,-4.010281086
,,-225.1969452,274.3774719
,,-387.1384277,-90.25971985
,,243.3869934,-156.3632507
,,-35.3606987,-88.8498764
,,274.4553528,262.0725708
,,27.24702263,273.905426
,,-323.508728,285.3915405
,,259.2669983,258.955719
,,35.99203491,254.2117767
,,-226.6070862,-15.14180183
,,-132.489563,-89.95800018
,,-356.0624084,-83.14826965
,,259.642334,274.2316284
,,235.953125,268.7011414
,,268.6993103,-201.2670288
,,40.38303375,263.6358643
,,244.2509918,275.0322571
,,237.304657,245.1963654
,,259.6071167,261.09198
,,-278.2215271,-175.7218628
,,292.5055542,246.3378296
,,276.203949,202.359726
,,33.55485916,290.5411682
,,266.8014221,281.0010986
,,57.05187988,281.803833
,,267.7015686,49.18884659
,,250.7560883,282.5334473
,,244.5894775,251.0343781
,,275.6317444,278.0734558
,,-297.0783691,277.9778137
,,304.7242126,39.57849121
,,266.377533,27.36422729
,,292.0603638,269.2234192
,,-55.39785767,-195.8776855
,,-182.4042511,277.807251
,,247.5690765,225.5395508
,,-322.5074463,-60.54108047
,,237.297226,284.3716736
,,-51.14837265,279.0278015
,,303.9015503,279.355011
,,217.6931152,-245.1698914
,,306.69104,267.0159302
,,-341.8475952,275.649353
,,250.6463928,270.2893677
,,-142.6804657,243.3213806
,,191.9078979,231.5396881
,,280.2202148,-122.0104065
,,-189.1739349,-234.6657562
,,267.4077759,198.0398254
,,262.5093994,-194.3505707
,,89.58640289,253.7454529
,,242.7802582,218.4725494
,,-760.6923828,-116.4855423
,,249.5813599,-47.49497604
,,286.0791016,218.2105408
,,178.4298401,233.4491577
,,250.3773499,222.4304504
,,-47.81945419,-235.7085266
,,252.7037964,-141.261673
,,290.6441345,-14.85558891
,,282.6115112,222.1176758
,,262.190155,280.1307068
,,275.7567139,-206.6074677
,,291.6582642,225.868454
,,289.747406,247.5419464
,,290.8435669,287.2539978
,,231.5803223,-293.4103394
,,263.4610901,219.4845276
,,284.2887268,224.9412994
,,271.8978882,236.5233917
,,248.6765594,268.7103271
,,-321.9030151,-337.3479004
,,234.4351654,282.4471436
,,216.3504486,-139.1305542
,,266.0703125,-150.5679169
,,283.9702148,234.5750275
,,22.10171509,239.9316254
,,266.5663147,269.684967
,,254.0478668,-11.16170025
,,2.136083603,-153.5034027
,,8.220204353,-53.48572922
,,253.3032227,-199.0623474
,,9.908881187,-171.4880981
,,298.172821,33.50252533
,,14.69383621,-212.05159
,,254.5985565,261.0109253
,,26.34309578,262.877594
,,35.69934845,262.1008301
,,280.8807678,261.8934937
,,294.2246094,-447.4474182
,,42.09344864,0.959386826
,,25.44079208,-128.4947968
,,6.406099319,-539.4168701
,,-13.80480862,169.7310333
,,258.5842285,276.0863037
,,286.8710022,-145.2119598
,,214.2445374,-18.39924049
,,306.260437,288.710144
,,265.2643738,263.3522034
,,-74.39701843,281.7168579
,,201.730423,-435.1426697
,,-205.3034821,29.9528389
,,174.9875183,236.9703064
,,283.4854431,211.3162384
,,217.0218506,44.1279335
,,256.6555176,268.9884033
,,236.8657074,-384.4111328
,,257.1719666,265.8840942
,,208.261322,-1.294046402
,,-21.14528656,233.3958282
,,262.1176758,252.2718964
,,243.0518036,282.0209045
,,215.5988159,261.9490967
,,256.0680847,237.6401367
,,271.4966431,-240.12883
,,279.6820984,269.4917908
,,263.355072,252.4709778
,,257.3596802,289.1443481
,,269.9499817,270.5497131
,,239.6226196,-207.5840454
,,247.2311401,261.6358337
,,242.2866669,30.20446396
,,264.5714722,271.4416504
,,297.5580139,278.4691162
,,256.6321411,18.75560379
,,222.6923523,45.47373581
,,260.0863037,270.0793762
,,209.8748474,240.0118866
,,239.2510529,278.5740051
,,254.2337189,-15.61116505
,,282.6428833,32.03625488
,,278.8540649,-157.436142
,,272.7893677,30.83096886
,,270.1871338,3.900832653
,,209.8787384,-330.4177551
,,137.5702057,255.9191132
,,258.2002563,-57.60786057
,,224.5986176,-9.845287323
,,257.1804199,-288.2499084
,,190.6669464,262.9405518
,,249.9279785,279.6116638
,,266.7438354,256.9113464
,,-647.1586304,270.3929138
,,137.3997803,-132.7492218
,,254.3884735,291.1454163
,,257.3277283,295.8599548
,,272.1251221,291.46521
,,264.1102295,293.9058533
,,-245.7291107,-242.5647888
,,272.4844666,238.0873718
,,189.7489166,-66.58844757
,,250.0353851,-251.5844574
,,193.0902863,220.5342865
,,260.3775635,221.1735229
,,247.6173706,224.9990845
,,-518.6853027,249.5855103
,,-291.6723938,-260.6872559
,,-66.55182648,-431.933075
,,261.0911865,-366.8449097
,,195.9493866,242.3395081
,,304.7357483,-440.6795654
,,-10.16850567,-320.4139099
,,-478.5284119,242.1240845
,,-251.1351929,-348.1842346
,,-272.111084,255.7909851
,,46.35222626,240.636322
,,219.4518433,235.625824
,,281.7536316,-54.28348541
,,211.9840393,-18.8375473
,,-64.16014099,-114.3117371
,,286.8635559,-6.735109806
,,-61.82608414,-132.5357361
,,-130.5058594,191.8068848
,,-175.7358246,-24.41801453
,,-397.9749146,233.9265137
,,-702.711853,248.1222382
,,316.0724792,282.0817871
,,246.7174988,267.6808472
,,214.0173035,-1269.415283
,,268.1937866,263.6451721
,,258.6206055,196.4095459
,,229.1817017,243.6771545
,,-98.95808411,305.5082397
,,-42.96822357,-22.38080406
,,247.0175934,270.9580994
,,271.9274902,-47.7518158
,,267.5020752,278.0568542
,,284.7437744,260.033844
,,252.7440033,249.161026
,,275.3898621,275.9891052
,,281.8625793,264.485321
,,-1.721994877,266.6220093
,,267.1281738,-31.57177925
,,-44.4581604,-14.60882187
,,287.7215881,258.8720398
,,-3.677214622,-20.7457962
,,26.21158981,47.3968811
,,253.4403992,266.4752502
,,-556.8271484,274.9928589
,,219.9230347,-291.9655762
,,273.4052429,262.3498535
,,268.0375671,17.02352333
,,266.3843689,276.1778259
,,224.4758606,25.27259445
,,293.5390015,-14.33644485
,,260.561615,23.76523781
,,221.2403259,224.3755798
,,272.6825256,61.64970398
,,270.8345337,278.8721619
,,-13.29816246,264.7967224
,,295.6551819,254.180954
,,282.1821594,-94.15448761
,,-85.30470276,263.1325684
,,57.2077713,264.5942688
,,242.530838,259.9920044
,,281.6253967,250.5773468
,,267.5658569,-223.7815552
,,-323.6851807,279.58255
,,259.8144836,-379.6959839
,,296.696106,265.5315552
,,258.2400818,-207.7731628
,,254.2411346,266.5614014
,,217.9484406,281.5903015
,,245.3225403,-259.2588196
,,230.8587036,260.3544617
,,190.5777435,-82.64455414
,,283.4136963,215.1078491
,,201.7682953,262.263031
,,265.9547119,292.9018555
,,212.8999634,294.5933838
,,262.5589905,240.9264832
,,249.3180237,261.6812439
,,269.016449,289.6427917
,,280.2332153,250.7154236
,,241.8866272,243.4455872
,,-19.31089592,243.2829895
,,276.8260803,297.5123291
,,289.0154419,-88.68795013
,,230.2376099,-430.1201172
,,11.10550213,286.8337708
,,239.5588684,259.8195496
,,15.83449268,-47.23802567
,,247.9240265,298.6395264
,,-526.4209595,252.2991486
,,253.8517151,208.8884888
,,234.3908234,273.8946533
,,262.6036377,240.7531433
,,263.4810181,66.89412689
,,-67.55435944,-0.080368556
,,308.9292603,272.4406128
,,-119.4709091,238.2750092
,,245.193985,215.3976288
,,257.4289856,303.1841431
,,273.2370911,215.9684143
,,250.0090942,220.9365692
,,287.478302,227.3461456
,,276.2178955,16.82404327
,,299.3576965,295.1399841
,,238.3038025,286.6380005
,,278.9515686,218.1749115
,,276.9711304,239.6394653
,,279.0471497,266.2995605
,,264.9278564,253.0740967
,,-133.83255,-11.57247257
,,284.359375,17.30264282
,,270.8253174,270.977356
,,288.3361206,260.6899109
,,252.5973816,265.9763184
,,269.4455872,273.4060364
,,254.3596954,284.2688599
,,277.4565125,278.0431519
,,279.3666382,269.6030579
,,274.2320251,255.9601746
,,102.545372,284.8100281
,,236.2487488,264.9131775
,,259.5788269,261.2025146
,,-145.2672577,284.5943604
,,272.7179565,261.0720215
,,288.2301941,274.1134949
,,308.6942749,270.7087402
,,268.8123474,243.2866364
,,284.2147217,258.7310486
,,19.46119499,254.8056335
,,272.7190857,245.7324677
,,280.3608093,270.6332397
,,250.5965576,265.3548889
,,269.7181396,269.2627563
,,17.39220619,254.7193604
,,255.4989014,277.4495544
,,281.5243835,269.1331177
,,294.7163696,252.955368
,,269.8577271,282.8413391
,,318.1488037,240.5157776
,,244.9816589,291.9279785
,,278.5584717,-647.5754395
,,23.66363907,-541.8918457
,,247.2719421,252.382843
,,,280.490448
,,,242.9108887
,,,303.0485535
,,,292.8992615
,,,289.7714844
,,,252.3461151
,,,296.15625
,,,272.1968994
,,,260.9633179
,,,266.2199707
,,,278.8800964
,,,301.9031677
,,,261.7382507
