batch_size_24_Run_1,batch_size_24_Run_2,batch_size_24_Run_3,batch_size_32_Run_1,batch_size_32_Run_2,batch_size_32_Run_3,batch_size_64_Run_1,batch_size_64_Run_2,batch_size_64_Run_3,batch_size_128_Run_1,batch_size_128_Run_2,batch_size_128_Run_3
0,0,0,0,0,0,0,0,0,0,0,0
-92.40019989,-56.89125443,-173.8427734,-148.9194641,-21.48936081,-37.06246185,-188.169693,-79.6317215,-108.7558823,-41.29048538,-75.12025452,-111.8994141
-225.9467926,-81.71800995,-135.9165039,-154.5763855,-35.72489929,-123.5373154,-181.7624359,-185.5895233,-104.0735855,-122.778244,-71.25081635,-110.9209595
-220.7226563,-92.16524506,-131.4226837,-152.1365967,-54.63525391,-150.0987701,-146.6648102,-181.843689,-99.34653473,-114.5656128,-86.80235291,-128.8910065
-178.6752319,-166.9298553,-130.7272491,-144.4543304,-117.1285019,-135.4002075,-122.0556946,-166.2649841,-104.2761765,-123.0647202,-91.33715057,-156.0926361
-184.2632599,-160.3265228,-131.2306213,-134.1834259,-121.1337204,-131.7648315,-121.101944,-147.70784,-141.8731232,-125.3054733,-102.0123749,-146.9660492
-198.1159058,-149.4008331,-126.5118942,-143.5331116,-128.3187561,-167.5164337,-119.9560013,-156.6274872,-144.6808472,-143.3781281,-100.6587372,-158.9463348
-192.5295715,-190.0083618,-124.5058594,-171.2246094,-155.7357635,-177.2038574,-121.8765793,-153.1337585,-141.026123,-139.0414124,-98.78688812,-155.0781555
-195.41185,-183.9490662,-120.6530457,-155.2242432,-149.1722717,-169.061142,-125.5804062,-170.8252106,-140.4056091,-140.413208,-103.7722092,-155.1749115
-206.9589996,-193.3241119,-133.0544128,-144.9767151,-172.8376923,-167.1309509,-123.5891418,-173.0301666,-135.4062653,-139.8885803,-107.912735,-147.4035492
-195.5680084,-182.0517731,-136.9324951,-154.4922791,-159.3862,-163.0795288,-126.2739792,-167.753891,-132.7695313,-153.3683472,-101.7524796,-141.7895966
-215.7266998,-176.5615082,-157.3758545,-149.5576172,-152.3610229,-181.9324036,-127.3535767,-166.1964874,-132.4353943,-155.2750397,-116.9408493,-147.9041138
-216.6068115,-166.7653503,-170.0122986,-145.083847,-169.1216278,-178.8522491,-122.5684586,-177.0634766,-142.3460388,-156.5706787,-117.522583,-140.6536713
-205.5771179,-162.5042419,-169.1671906,-155.7880859,-165.0438843,-182.9398346,-120.3930359,-179.908371,-152.185379,-152.3523865,-140.2859192,-139.5608368
-197.9918213,-165.5432739,-182.7368927,-150.4989014,-158.8776398,-183.1030273,-119.074707,-201.5757751,-146.543808,-146.7588959,-139.0316467,-136.3067017
-193.073822,-169.1936188,-188.0204315,-155.7095947,-164.4311218,-182.6202393,-135.8806458,-208.3807526,-144.7926941,-146.1370544,-133.138504,-135.504715
-192.8378296,-163.3196716,-180.6564636,-162.0789185,-161.0299835,-177.1890869,-133.0482025,-201.6424255,-143.8397827,-143.9656525,-132.7449493,-133.5839081
-187.8210754,-161.0942535,-177.3691406,-157.6796722,-169.9881897,-182.9087982,-124.904892,-197.2041168,-139.372345,-139.4191132,-129.4937744,-143.5366364
-181.5100403,-157.4473419,-173.117218,-154.6947479,-178.7940063,-184.1759796,-124.673111,-207.7688599,-142.5318451,-135.6668091,-127.0786514,-157.2684479
-185.0512085,-153.9523468,-167.7128906,-153.7568817,-175.1401367,-181.9663239,-131.2457123,-202.6105347,-136.5683594,-132.8534851,-126.7099609,-153.120636
-187.9498138,-156.2689209,-167.5858917,-152.4042358,-175.7582245,-177.1331024,-128.8262329,-196.4562225,-148.9156647,-138.532608,-127.0000687,-146.1720123
-188.7263947,-153.1569519,-167.0537567,-151.0985718,-171.4461823,-176.0446777,-130.2404327,-192.4888153,-161.3735199,-148.5774384,-140.0504761,-144.1464539
-184.8999786,-151.7528229,-175.1433411,-144.1508789,-182.1545715,-173.6448212,-129.2641144,-188.8659668,-157.9968109,-161.1202087,-143.8341675,-142.2952728
-182.1895142,-147.2126923,-175.0200348,-148.1819916,-181.8903961,-173.7376556,-128.473053,-186.8180695,-163.3135071,-158.0288239,-141.4664307,-139.8678131
-179.5949097,-147.1960754,-176.0320587,-148.2466278,-177.9295654,-171.8962555,-127.2649841,-186.9055328,-178.114975,-163.9658356,-138.1395264,-146.514801
-175.568512,-153.9139557,-174.381424,-146.8783722,-172.2653351,-170.1719513,-125.5315018,-189.8914185,-184.3863678,-161.7239685,-136.094574,-143.3989105
-178.9391327,-151.2872162,-177.4898529,-150.026825,-176.0332184,-168.7398071,-124.62323,-187.8586578,-187.925827,-162.8813934,-136.3522644,-141.7501831
-174.8752899,-148.881424,-175.8579407,-149.5707092,-174.7343597,-175.9380493,-124.2439575,-184.8044128,-185.4138336,-162.8122101,-134.2499695,-140.2857971
-174.9156189,-143.1687775,-174.1168213,-149.4442444,-170.0422974,-170.4214935,-123.6347656,-182.3790283,-187.3473053,-160.5702057,-131.3345642,-137.231842
-172.1398926,-140.3505859,-174.850296,-147.9052734,-168.1347656,-163.9463348,-119.975296,-178.2432404,-183.3888855,-156.2677002,-131.2951202,-135.8532715
-171.6141357,-138.7827148,-173.787384,-145.7298889,-165.3504944,-164.3658905,-130.1218262,-176.9941711,-179.3753052,-161.2203979,-130.127533,-140.2562408
-171.239624,-140.7667236,-176.8684082,-143.8895721,-162.2264252,-167.4615326,-128.8184967,-176.4990845,-177.2225189,-158.6900635,-126.9930344,-138.2220917
-168.1723633,-141.6079865,-172.645874,-143.3479919,-160.6693115,-171.4562683,-130.0966339,-174.9187927,-176.5654144,-156.6520844,-125.3924026,-138.1063232
-166.312027,-139.7595978,-170.1947937,-141.6401062,-159.7855072,-167.9625854,-128.4407501,-172.5437775,-173.203186,-155.2645111,-123.3447418,-136.8041992
-162.1369171,-138.8895569,-169.1890106,-141.6177521,-157.6829071,-165.9893951,-127.6210861,-169.3517151,-170.8384705,-153.6565247,-125.9876709,-136.4598999
-166.248764,-136.9781647,-168.5214233,-141.3646088,-154.8764648,-165.3339539,-132.5521088,-171.5888977,-175.9424133,-152.5917206,-125.853096,-137.2220154
-168.2893829,-140.1505127,-165.5928955,-140.97258,-152.057251,-163.7959137,-131.02771,-173.289978,-175.207016,-151.7754211,-127.6326294,-136.1681061
-165.7768097,-139.014328,-169.3758545,-142.6625214,-148.1038818,-163.0766754,-131.4096985,-169.7854004,-172.5207062,-156.2493439,-126.9057922,-135.6458282
-165.6451111,-137.6724396,-168.0087585,-141.1251373,-149.4046783,-161.1050262,-130.073288,-172.9367523,-171.9452362,-153.3106689,-126.6670151,-134.2922516
-163.6461945,-136.954895,-169.0352631,-139.8443909,-147.9568176,-158.0268097,-128.7777557,-171.0779266,-171.3864594,-152.6467743,-125.6848831,-133.5303497
-163.6588898,-135.2589722,-168.2539825,-140.9784546,-146.515213,-157.4289703,-127.3791885,-168.9562378,-169.664566,-152.5145569,-123.338562,-133.8808594
-162.660141,-133.0235596,-172.5512543,-142.5547943,-144.9130096,-161.7672882,-125.7990494,-168.0869751,-167.4323425,-151.4058075,-125.4536819,-133.9000244
-163.2117615,-135.379303,-173.1188049,-141.160675,-143.4660187,-160.0703583,-124.9754791,-164.1620789,-166.0467072,-148.4756927,-124.2388992,-133.891983
-162.1907501,-134.3514099,-171.2388611,-139.8363953,-141.371582,-158.4434814,-124.3860321,-162.6650543,-166.6667786,-147.97789,-124.1951065,-133.7891846
-161.6587677,-133.0516205,-172.5880737,-137.692749,-141.20047,-156.1554108,-125.0293045,-162.2636261,-165.0862579,-144.313736,-121.5701218,-132.9760437
-159.5155029,-132.3571472,-175.9049988,-136.0731049,-140.6159058,-154.6862488,-123.9725494,-160.6194458,-162.7385101,-142.8185577,-120.3475494,-134.7674866
-157.9065552,-132.7127991,-173.1802521,-135.4645386,-140.4112396,-152.7979889,-122.44841,-158.9466858,-160.3164673,-140.0596619,-122.145134,-132.9183502
-156.3326416,-133.3418732,-171.8626709,-134.7208557,-139.1199951,-152.4378815,-122.6487198,-157.1291962,-159.3673248,-138.8311157,-122.4207687,-131.3801727
-156.1065216,-134.577301,-171.1576385,-135.5276947,-137.2081909,-151.7625275,-121.7675018,-156.482605,-158.057251,-137.4369812,-121.4275055,-129.9216309
-153.9219513,-133.0971222,-169.1955109,-134.012558,-136.1864471,-153.8783569,-123.1156082,-152.6734467,-156.1611176,-139.4510651,-120.885498,-128.9457245
-153.8271942,-133.0586853,-168.3768768,-132.2232971,-135.8947144,-151.0049591,-127.632515,-151.1513824,-155.6927643,-137.9228363,-119.9795914,-127.8763199
-152.8861237,-133.1956024,-165.9251709,-132.0288544,-134.3559875,-148.8021393,-126.7835693,-150.3361511,-154.4542847,-137.9969788,-119.7812805,-126.8159943
-152.1716766,-132.1958923,-165.102005,-131.3130493,-133.0548401,-147.1273804,-125.4637756,-149.2845306,-153.7154083,-135.2875061,-120.5762787,-125.6263885
-151.8275757,-130.1083374,-163.6285553,-130.2641907,-132.4730377,-147.2042999,-126.9649811,-148.1399841,-152.2421112,-134.1427002,-119.9155121,-124.4477997
-152.1938934,-131.516983,-162.1278229,-129.1320038,-131.3387146,-146.1916962,-125.9031296,-147.1968689,-151.2505493,-133.6681366,-119.6608582,-122.1955795
-151.0336914,-131.4274445,-163.5927582,-127.4921722,-131.1623688,-145.5703278,-125.5879211,-144.2898407,-150.4198151,-132.9557343,-119.1060638,-124.5221558
-149.8340149,-129.6643066,-160.5269165,-127.5812683,-130.0251465,-143.782135,-124.4029541,-147.8074799,-149.1787872,-133.4026947,-121.4222336,-123.0488052
-150.7225037,-128.5464935,-159.8435669,-127.996666,-128.9512177,-142.882843,-123.6097336,-146.3936768,-148.2253723,-132.7078094,-119.6581039,-122.6922531
-149.2221222,-127.8100891,-159.0137329,-126.4917221,-127.795578,-141.6373291,-123.7049942,-144.9240875,-147.1943665,-131.4536285,-119.6362839,-121.7784119
-147.2777405,-126.3798065,-158.2156677,-125.8783493,-126.1637421,-140.7485504,-123.0352097,-144.6998444,-146.040741,-131.185379,-119.026741,-121.3915558
-145.8222351,-125.0139618,-157.0261688,-125.7206192,-124.4832993,-140.1194305,-122.6103897,-143.9967804,-145.1256714,-130.5110321,-118.6197357,-122.0541
-145.6578522,-124.1278763,-156.7415924,-124.9135666,-128.5176697,-138.5808563,-122.183609,-142.9647369,-144.3018494,-130.1679077,-118.3570328,-121.12883
-146.8105316,-123.4076538,-155.8275604,-124.8975067,-126.8991852,-137.3666992,-122.0790329,-141.282959,-142.8323517,-129.0479736,-117.7004395,-121.0710754
-146.1523132,-122.964035,-155.3055878,-123.3291092,-126.3983536,-136.5034637,-121.2874985,-140.8689575,-141.5636902,-127.1061172,-116.6694412,-121.5111465
-145.3349304,-122.5904007,-154.2611694,-122.2480316,-126.1586761,-136.5563965,-122.3993988,-140.0772095,-139.9685669,-126.3519363,-117.1468048,-121.2467194
-144.0663757,-121.2643433,-152.1761475,-121.194191,-126.237793,-135.2327271,-122.2689209,-138.7856598,-139.0128479,-126.0239563,-116.3937912,-120.0851669
-143.0982056,-120.4609299,-150.6833038,-120.5806198,-124.9567032,-134.5070343,-121.860611,-138.8251801,-138.3756256,-125.8170547,-115.6859665,-119.4945068
-142.0507355,-120.3165665,-150.9146881,-120.5870895,-123.8211288,-133.5601959,-120.6899261,-138.1900482,-136.7315216,-124.9677582,-114.446228,-118.6252975
-141.5672455,-124.1937027,-150.0002747,-119.6131592,-121.5821991,-132.0119629,-122.6160965,-137.4394836,-135.7523193,-124.3831406,-114.4703217,-118.0375824
-141.5369263,-123.8395844,-149.2633057,-121.0587082,-121.0011826,-131.2677307,-122.105423,-136.0778046,-134.8674774,-123.6647644,-114.0034943,-117.2952194
-140.3250122,-122.9070892,-148.7608032,-120.3107529,-122.3394318,-130.3334045,-121.2848969,-135.1769104,-134.5259552,-122.5814285,-113.3438873,-116.6464615
-139.8042145,-122.4924011,-148.2902832,-119.7636642,-122.1458664,-129.4982147,-120.673233,-134.9233246,-134.5167999,-121.8815308,-113.1330872,-115.9197083
-138.4854279,-121.4471664,-147.6207428,-119.4628677,-121.7924728,-128.3504944,-120.4887085,-134.2589874,-134.1620178,-120.5245361,-113.394516,-115.6133728
-137.4309845,-121.7123108,-145.9954376,-118.6107712,-120.884697,-128.3158417,-123.0898361,-133.3330994,-133.4803619,-119.8944244,-112.9683228,-115.0906754
-136.2171936,-120.7137604,-145.5749054,-117.7803574,-121.1982803,-128.2154541,-121.0518799,-133.1468658,-131.8101044,-118.7995987,-112.3805618,-114.9772339
-135.4770203,-120.5606995,-144.7996063,-117.5430603,-120.4447708,-128.2050323,-121.1995544,-131.8067627,-132.2900848,-119.3170395,-112.2338562,-114.8101807
-135.2387238,-119.5088425,-143.6208801,-117.3515549,-119.9270401,-127.4880753,-122.0550995,-131.5892487,-131.1128235,-118.6342773,-111.5669327,-114.0144577
-134.237793,-119.0780792,-142.1603088,-117.855072,-120.2491684,-128.6740723,-121.3382797,-131.8948669,-129.9142303,-118.0744934,-111.1713715,-113.6801529
-133.285202,-118.5305328,-141.658371,-116.922699,-119.5997467,-127.8125916,-120.61306,-131.3424835,-129.8178864,-117.7955475,-110.8434525,-112.5934677
-132.7938385,-118.2363663,-141.2178802,-116.350853,-119.1688766,-127.3026199,-121.068306,-130.4220581,-128.8194885,-117.8263321,-110.8648529,-112.1766357
-131.3933411,-118.0180969,-140.8191681,-115.694725,-118.7322922,-126.1025238,-120.7732697,-130.0904999,-129.131424,-116.7841721,-110.1369247,-111.5982056
-130.7592316,-116.701561,-139.7268066,-114.9380417,-118.1680298,-126.0278473,-119.9667435,-129.7002411,-129.3556366,-115.8766327,-109.1748199,-111.7179413
-130.0013428,-116.4362793,-138.8737335,-113.9832306,-118.7691345,-125.2058945,-119.2498779,-128.4453278,-129.2967682,-115.0812912,-108.1905823,-110.9926071
-128.953186,-116.076828,-137.8052063,-113.1149216,-118.3451462,-124.9450073,-121.1318741,-127.4534607,-128.8826294,-114.4230347,-107.1355743,-110.8527069
-127.7207489,-116.2784805,-137.440506,-113.4968262,-117.8222733,-124.8963852,-121.0981216,-126.1314163,-128.9911652,-113.4835052,-106.2170944,-110.671936
-126.7102356,-116.372261,-136.7802582,-113.6814041,-117.2268372,-124.4404526,-120.6217346,-125.3216705,-128.6227722,-112.4113388,-105.3779678,-110.2163162
-126.2021255,-115.9480667,-136.1159668,-112.687645,-116.8873062,-123.8858185,-120.3191528,-124.548233,-128.4752808,-111.8508301,-105.1047668,-109.6287003
-125.7860336,-115.3944168,-135.9067535,-112.3782578,-116.497963,-123.4547348,-121.0118484,-123.5242767,-127.5051575,-111.4706879,-104.1120377,-108.9716492
-125.2759399,-114.7946472,-135.4487,-112.318779,-115.7567825,-122.924408,-120.6495972,-123.0451202,-128.2833099,-110.9808731,-104.0405579,-108.2055893
-125.1716995,-113.9251175,-134.7365112,-111.9787292,-114.9981918,-122.6331482,-119.4097519,-122.6317062,-127.9951706,-111.6496811,-103.6378326,-108.4258575
-124.3928146,-113.812027,-133.3535919,-111.7440338,-114.6218414,-122.2632675,-119.0931396,-121.7953415,-127.1226807,-110.8699265,-103.5016479,-107.7739944
-123.8829346,-113.1613159,-132.0626221,-111.1449966,-114.3905563,-121.1108017,-118.0726624,-121.1012955,-127.0246811,-109.3897552,-102.9887543,-108.5966644
-123.0631866,-112.9943771,-131.6169739,-110.2386856,-114.1396332,-121.079277,-117.0030212,-120.2699738,-126.1126404,-108.1870575,-102.5607529,-107.4243469
-122.3460312,-112.4114532,-131.1500244,-109.7323456,-113.5751801,-121.0298233,-116.4143143,-119.504364,-127.8817978,-108.3137054,-102.6960449,-106.4963684
-121.300499,-111.8173218,-130.5213928,-109.3798904,-112.2354126,-121.2833939,-115.48423,-119.0302658,-127.1021118,-106.9382706,-102.3973694,-105.9054108
-120.8256836,-111.2342834,-130.8844452,-108.4418488,-111.7744675,-120.8920441,-114.5559616,-118.7476883,-126.4830856,-105.9615097,-102.0059128,-105.5060883
-119.9312897,-111.0610275,-130.6726074,-108.9478149,-111.706871,-120.1351318,-114.8150787,-117.8746262,-126.3714371,-103.7502136,-101.3850174,-105.1050949
-119.4441681,-110.2490997,-130.2281799,-108.3778839,-112.5709991,-119.89048,-114.8484879,-117.962883,-126.9651794,-102.928215,-99.94766998,-103.8636246
-118.5291367,-110.3191452,-129.6073303,-108.0358429,-112.0703125,-119.1177368,-114.1680603,-117.4663849,-127.1006927,-101.7893524,-99.53661346,-103.2326889
-118.1032867,-109.7973175,-129.5799561,-108.319725,-112.2062149,-119.1273804,-114.5761642,-116.6844406,-128.1147308,-101.6146317,-98.71943665,-102.6681213
-118.9991226,-110.4090195,-129.6227875,-108.9378967,-112.1983337,-119.6948471,-116.4523163,-117.4948578,-130.3670959,-99.197052,-100.963028,-104.3238525
-118.2511368,-110.1453934,-127.6043701,-106.3858337,-111.9086304,-119.1185226,-113.3813705,-116.5104904,-131.4843292,-97.77978516,-100.0657806,-102.6768723
-113.2973785,-109.1578979,-127.6454391,-105.1012268,-111.7011032,-116.9310379,-112.3863068,-112.6814499,-132.5436707,-96.9770813,-99.3716507,-102.2362595
-112.3676224,-108.5412216,-127.6406708,-104.4523544,-111.0400162,-117.5344162,-111.9667358,-113.1777115,-133.8028259,-96.15960693,-98.35034943,-100.7937546
-113.1216125,-104.8136063,-127.524559,-103.8245316,-108.0803528,-118.4349213,-113.7220764,-112.7648773,-134.625946,-95.83625031,-98.00097656,-98.72650146
-111.5356064,-103.1912003,-126.3865509,-103.4216537,-108.5955582,-117.7762833,-114.1751862,-112.1343002,-132.4543152,-94.71399689,-96.98130798,-97.47573853
-109.2830811,-102.4894257,-125.463623,-101.7086105,-108.0827789,-114.0735321,-113.7220383,-110.9960403,-131.4685059,-93.89706421,-95.87662506,-95.99085999
-107.7462387,-98.67667389,-126.7307358,-99.08349609,-105.4911575,-111.9323273,-113.3629379,-110.7962036,-131.0022888,-93.66648102,-96.26373291,-94.89276123
-105.0510406,-99.37443542,-126.2716599,-99.35023499,-105.1121368,-111.9013214,-111.6864777,-108.5141754,-131.7326355,-93.9330368,-95.34862518,-93.62247467
-104.6613846,-97.21212769,-124.79599,-99.35255432,-102.1113968,-110.6868973,-111.1260223,-106.9789886,-131.4717712,-95.4823761,-96.84414673,-92.98651886
-103.3596497,-97.17455292,-125.9592285,-98.61800385,-102.2638397,-110.2587662,-114.243248,-106.8423004,-131.0722809,-93.47961426,-97.14234161,-92.69651031
-99.68437195,-96.6852417,-123.3010635,-98.56545258,-102.182518,-106.22612,-113.0503616,-105.6332016,-130.3505096,-90.539711,-94.90314484,-90.88928986
-97.82639313,-96.39680481,-120.6704941,-98.32001495,-98.70903778,-105.5531006,-114.7205048,-103.166214,-128.8803558,-85.95746613,-94.28474426,-90.29922485
-97.6889267,-96.01667023,-119.6961975,-96.13918304,-98.18206787,-104.9659119,-113.9968185,-102.0035934,-127.0310974,-85.76541138,-89.8243103,-89.64678192
-96.92354584,-94.11632538,-117.6839218,-96.3837738,-97.87444305,-103.9992218,-114.0853729,-97.62688446,-127.4912033,-83.12276459,-89.12477875,-89.78214264
-96.54496765,-92.76285553,-115.939743,-94.52178192,-96.23955536,-102.583931,-110.5319443,-95.10443878,-127.5491867,-83.13497162,-89.51378632,-89.54990387
-94.99304199,-92.52368164,-116.4021606,-92.35411072,-95.80966187,-102.7764893,-109.7880249,-94.65945435,-128.2098389,-82.31835175,-90.09621429,-89.23340607
-94.61302948,-92.67947388,-116.3163223,-92.72418976,-93.32287598,-100.560997,-111.5948486,-95.03800964,-128.9050751,-83.9092865,-89.4696579,-86.07958984
-96.0604248,-92.34145355,-115.3732605,-92.05554962,-90.27235413,-99.84675598,-109.834549,-91.83885193,-128.2980194,-87.74382782,-88.32429504,-82.84117889
-93.93506622,-92.25010681,-116.1598053,-91.00787354,-89.59856415,-99.8453598,-107.1976776,-92.18417358,-130.3644714,-87.91065979,-87.25295258,-82.97509003
-92.60063171,-91.42564392,-115.8945618,-89.92116547,-88.13514709,-101.8818817,-108.0305405,-92.72286224,-127.3203583,-85.06633759,-86.25862885,-83.08758545
-90.74608612,-90.56684113,-116.1346359,-89.03012848,-87.39069366,-101.2492371,-106.8564911,-92.77680969,-123.3773346,-84.89643097,-82.58338165,-83.08358765
-90.3169632,-89.52758026,-113.2402115,-89.36174774,-83.70553589,-101.0583038,-105.9817886,-93.18345642,-122.8754425,-82.66872406,-80.87794495,-82.53097534
-91.66624451,-91.54802704,-112.07061,-87.23971558,-82.01012421,-99.30266571,-107.160141,-92.01825714,-121.5835571,-82.99297333,-79.90986633,-82.93744659
-90.87728119,-91.38124084,-110.7167435,-86.04499817,-81.7539444,-98.40795135,-106.3146515,-92.14200592,-116.9876404,-83.07209015,-80.30828094,-81.72296906
-92.74786377,-88.76255798,-109.9311905,-85.25314331,-82.08439636,-97.572258,-106.8637466,-91.02217865,-114.7873306,-79.68299866,-79.77983093,-82.44902802
-90.99116516,-88.52333069,-107.2159119,-83.14977264,-79.95574188,-97.64408112,-106.6906052,-91.62832642,-112.4640808,-79.2216568,-79.24066162,-82.51766968
-90.98773193,-88.36660004,-107.6461029,-82.0022583,-78.85726929,-95.18907166,-105.9210587,-92.06056213,-111.6919556,-79.8477478,-79.17173004,-82.0309906
-90.09366608,-89.42196655,-106.5764389,-81.51309204,-78.7105484,-95.73394775,-105.144371,-92.37510681,-110.9701309,-79.35900879,-79.03870392,-82.42983246
-89.72976685,-88.71929932,-105.2320251,-81.54782104,-78.83269501,-96.83534241,-106.2918167,-92.03715515,-110.5453339,-80.06735229,-77.84780884,-82.70028687
-87.99163818,-91.03591156,-103.8829498,-79.84025574,-78.27554321,-96.91039276,-103.6245956,-91.16247559,-110.5106888,-78.90953064,-77.10837555,-80.48539734
-86.86335754,-89.29396057,-101.8147354,-79.71697998,-77.58804321,-94.94125366,-102.2121735,-90.03453064,-110.5421448,-78.68943787,-77.09916687,-80.68995667
-87.0814743,-87.63484955,-101.3813858,-78.38214111,-77.36450958,-92.76972961,-101.2899551,-90.59712982,-110.3333054,-78.51003265,-76.86478424,-82.11210632
-86.11154938,-87.09259796,-100.9775772,-78.05590057,-76.81661987,-92.50178528,-100.7511978,-90.01612091,-109.9217682,-77.40195465,-77.63625336,-81.1506958
-89.15659332,-87.10242462,-100.6081696,-78.90302277,-76.33402252,-92.0036087,-99.74869537,-91.8964386,-109.7275162,-76.25907898,-76.18463898,-80.04180145
-86.66301727,-87.29738617,-100.7681274,-79.37282562,-75.83049774,-90.85105896,-99.57969666,-91.65142059,-106.5971603,-77.62439728,-75.04196167,-78.65962219
-84.37185669,-84.96717834,-101.0112076,-79.50113678,-78.00997925,-91.90011597,-100.2140656,-90.01155853,-105.8504028,-76.50978088,-73.86548615,-77.7502594
-84.11567688,-84.73641205,-98.96265411,-77.76541138,-79.019104,-92.88650513,-99.50082397,-89.95373535,-105.7084351,-75.84242249,-73.66113281,-78.24829865
-84.1933136,-84.52143097,-100.4661789,-77.96111298,-79.9831543,-94.48937988,-98.6129303,-89.39585876,-106.3395462,-73.68402863,-73.03207397,-77.65415192
-83.63806152,-85.69011688,-98.91066742,-77.12602997,-81.52307129,-95.89698029,-99.7430954,-89.12010193,-106.9786835,-72.86066437,-72.76005554,-77.11817932
-82.26225281,-85.11380768,-99.66429138,-78.27090454,-81.26927185,-97.25785828,-99.18080139,-90.63220978,-106.8549423,-71.33295441,-73.11362457,-76.1272049
-81.51612091,-84.9087677,-96.45706177,-76.47324371,-81.27000427,-94.39759064,-99.22373199,-91.43521118,-106.4286423,-70.65391541,-71.1788559,-75.19274902
-80.5475769,-83.37155914,-96.76629639,-76.28579712,-84.02406311,-94.06676483,-99.11663055,-91.44719696,-108.0077744,-71.3993454,-73.99241638,-74.07213593
-79.2541275,-85.17451477,-97.45925903,-77.0176239,-83.99642181,-94.30474854,-99.8680191,-92.48617554,-106.7294235,-70.32277679,-73.71662903,-73.12232971
-77.73712158,-85.43615723,-95.88744354,-75.92919159,-83.03855896,-95.41240692,-98.57691193,-92.40306091,-105.7768173,-69.53449249,-73.40722656,-72.46045685
-77.53544617,-84.76979828,-94.79299164,-76.20798492,-83.68565369,-96.67376709,-98.81908417,-92.55960083,-105.1205368,-65.89841461,-73.28407288,-70.57847595
-76.92816162,-86.3786087,-95.1650238,-75.05088043,-83.0888443,-96.89795685,-99.5823822,-91.93659973,-107.149765,-65.24285889,-71.41599274,-70.57501984
-75.82816315,-85.86595154,-94.27252197,-74.77275085,-81.89769745,-96.7117157,-99.03957367,-92.73638153,-109.7486649,-63.36536026,-70.53120422,-69.23840332
-75.44960022,-86.74963379,-94.41333008,-73.38134003,-82.2297287,-95.64726257,-99.53194427,-93.87648773,-110.5737457,-61.8381424,-70.03826141,-68.85638428
-75.89667511,-86.22536469,-94.70832825,-73.36251068,-81.57551575,-94.25952148,-97.9646225,-94.1423645,-111.3299866,-60.93928528,-69.33506012,-68.38233185
-74.88522339,-85.33016968,-94.83706665,-73.66239166,-80.67082214,-94.58062744,-94.82126617,-94.31012726,-112.3005219,-58.82701874,-69.41680908,-68.00087738
-73.87020874,-84.61309052,-95.27006531,-72.98970032,-80.25527191,-94.74196625,-94.14915466,-94.51985168,-111.9041977,-58.1950531,-69.53187561,-67.7408905
-72.9702301,-83.48783875,-94.64089966,-71.95812988,-80.568573,-95.07061005,-93.66689301,-94.61833191,-110.311348,-60.42802429,-68.25717163,-67.72557831
-71.82021332,-84.36345673,-95.68650055,-71.71886444,-80.06070709,-94.75617218,-92.21463013,-93.98757935,-109.5760956,-57.22483063,-68.2623291,-67.84289551
-70.71716309,-82.84340668,-95.47051239,-71.96631622,-82.28401184,-94.68702698,-91.94642639,-92.90026855,-111.6349335,-56.55773544,-66.94013214,-68.74615479
-70.32036591,-84.97812653,-94.35202026,-72.27541351,-82.13272858,-95.3191452,-91.0745163,-95.60360718,-113.7368927,-56.6795845,-66.27970886,-66.85428619
-69.66637421,-85.17613983,-96.21080017,-71.4520874,-82.20789337,-95.09175873,-90.7917099,-94.64989471,-113.1589966,-55.64028168,-65.90597534,-66.71179962
-67.90866089,-85.65716553,-96.23913574,-70.53012085,-80.50017548,-96.25094604,-90.07805634,-93.27320862,-112.9534225,-53.40629196,-65.81123352,-66.83403015
-67.98617554,-84.86131287,-96.12173462,-70.52631378,-79.05661011,-96.35510254,-89.34676361,-92.86676025,-113.118042,-54.63731766,-64.4920578,-66.82447815
-68.21909332,-85.39401245,-95.43695831,-70.18365479,-77.91875458,-96.65307617,-89.35710907,-91.990448,-112.8446732,-52.54962921,-63.67367172,-66.22815704
-67.7455368,-84.85494232,-95.36483765,-69.75789642,-77.75563812,-97.56609344,-88.73761749,-91.85424805,-112.584465,-51.9997673,-63.81916046,-65.53723145
-66.57608032,-84.86808777,-95.3139267,-69.57290649,-73.50327301,-98.94905853,-88.12594604,-90.98809814,-111.9359207,-51.57545471,-63.09991455,-65.96509552
-64.37863922,-84.77941132,-95.86787415,-68.65749359,-72.87470245,-99.61611938,-87.60886383,-90.91934204,-111.8437042,-50.35979843,-63.02569199,-65.76660156
-63.60965729,-83.63787079,-97.12996674,-69.10551453,-72.33808899,-98.3985672,-87.43170166,-89.16585541,-112.0043869,-49.87126923,-63.58586502,-64.88272095
-62.97343445,-82.67250061,-96.96192169,-68.91225433,-72.21250916,-98.39160919,-86.20487213,-89.80859375,-112.4624634,-49.40785599,-63.39559937,-64.11632538
-62.65343857,-82.02329254,-98.29230499,-68.5140152,-72.0575943,-97.98828125,-85.39928436,-89.8637619,-112.7627258,-48.01329803,-62.36080933,-64.03560638
-62.51382065,-83.91661835,-98.59139252,-69.42791748,-72.47563934,-97.53335571,-85.00084686,-88.84216309,-112.5933609,-46.60591507,-62.1982193,-60.4701004
-61.98071671,-82.70612335,-97.70211792,-68.35057831,-72.9263916,-97.36312103,-84.70497894,-88.42124939,-114.440155,-46.77277374,-61.83614349,-60.89631653
-61.9491806,-78.77957153,-97.07931519,-68.97612,-73.43221283,-96.52295685,-82.38828278,-87.11327362,-113.5616608,-47.07352448,-60.87146378,-60.96012115
-60.96866989,-77.73653412,-96.53665924,-66.63904572,-73.66812134,-94.8977356,-82.16576385,-86.9388504,-114.3510132,-46.34489441,-60.25627136,-60.8159523
-60.91209412,-77.17519379,-95.9173584,-66.31871796,-73.60565948,-94.65815735,-81.89717865,-87.54801941,-113.2920532,-45.18317032,-60.53815079,-62.15304947
-60.72708511,-76.80043793,-95.39221191,-65.75668335,-74.17867279,-92.6968689,-81.29646301,-86.88858032,-112.2716522,-44.4830513,-59.31185913,-61.98665619
-60.51935959,-77.18544006,-94.41783905,-65.15142059,-74.28289032,-93.27937317,-80.53230286,-86.65996552,-111.4858475,-43.67614365,-58.30501938,-61.24878693
-60.39449692,-76.19578552,-94.65879059,-65.09991455,-73.87908173,-92.85044861,-82.98352051,-86.29314423,-110.5800705,-44.51677322,-57.45187378,-60.42045593
-60.27495956,-77.12749481,-93.92350769,-65.16277313,-72.59853363,-92.34340668,-83.65677643,-85.58066559,-110.4571152,-44.13612366,-56.06766891,-60.04759216
-60.3319931,-76.66242981,-93.43112946,-64.61935425,-73.69242096,-91.56306458,-82.76089478,-87.17932892,-109.8070755,-43.75759125,-55.40313721,-59.16484451
-61.65330124,-76.03688812,-94.63989258,-64.48953247,-73.86634064,-90.9524765,-81.52416229,-86.88103485,-110.3914108,-42.22519302,-55.03484344,-59.21295547
-61.29890442,-75.93027496,-95.08294678,-64.31060028,-72.70723724,-88.94126892,-81.14181519,-85.38486481,-110.4739532,-41.40000916,-54.43031311,-58.92625046
-61.03469849,-75.54730225,-94.55779266,-63.7951355,-72.79740906,-88.24802399,-81.23104095,-84.51004028,-109.6703339,-40.89662552,-54.33132553,-58.95698547
-61.24526215,-75.01545715,-93.84684753,-63.38107681,-74.41342926,-87.50151825,-80.40408325,-84.02082825,-110.062149,-40.40729904,-51.1440239,-58.40619659
-61.05147934,-74.4084549,-93.22783661,-64.13428497,-72.92491913,-86.96502686,-81.01670074,-83.03973389,-108.457222,-40.51742172,-50.88858032,-55.78828812
-61.00888824,-74.5526886,-92.85471344,-64.4793396,-72.37739563,-87.37203979,-81.48715973,-81.17144775,-107.7766266,-39.78038788,-50.84413528,-53.66627121
-61.27586365,-73.87739563,-92.63767242,-65.67475891,-71.61760712,-87.58591461,-80.99105835,-81.09664917,-107.169838,-39.7151947,-51.20591354,-53.43781662
-61.76256943,-73.4581604,-92.43429565,-65.71645355,-70.78829193,-86.26792908,-78.65730286,-78.83859253,-106.7759247,-37.64278412,-51.68333817,-53.29148865
-62.51764297,-72.7035141,-91.38891602,-64.76494598,-72.2616806,-85.93604279,-77.52092743,-78.82224274,-106.24823,-37.46553802,-51.58538055,-54.4002533
-62.97040939,-71.78703308,-90.90702057,-63.95228195,-72.74317169,-86.2858429,-77.09263611,-78.19613647,-106.6668625,-37.75450134,-52.07180405,-53.20531082
-63.34231567,-71.58102417,-90.48206329,-63.90086365,-74.04605865,-86.67602539,-77.77779388,-77.90821075,-106.5518799,-37.99995804,-52.17301178,-52.88780594
-61.54285431,-71.06496429,-89.61068726,-63.12656784,-73.65883636,-85.20176697,-76.65408325,-77.77246094,-106.8113708,-35.94423676,-52.12833405,-52.84549713
-61.90218353,-71.14549255,-89.18799591,-62.45784378,-74.15985107,-84.95454407,-76.28426361,-77.52483368,-105.0823898,-36.8694458,-50.32948303,-52.82723236
-61.02620316,-71.06357574,-88.90222931,-61.89225006,-75.4668045,-83.70272827,-77.25164032,-76.93188477,-104.5257797,-32.47277451,-48.7710228,-51.54507446
-60.97027206,-70.2301712,-89.19062805,-61.3551445,-77.02921295,-82.54086304,-76.88101959,-76.61089325,-106.0714035,-33.52826309,-48.26323318,-51.13311386
-60.77573395,-70.19843292,-89.39775085,-61.54325485,-78.22829437,-86.83068085,-76.98609161,-75.95938873,-106.6621094,-30.53795052,-47.87124252,-49.71844482
-60.41384125,-69.58011627,-88.85375977,-61.84964752,-78.22123718,-91.97866821,-77.5742569,-75.56578064,-108.2082062,-35.49088287,-47.77005005,-50.05738449
-60.43173599,-69.82676697,-88.45166016,-61.71006012,-78.62038422,-91.33490753,-77.31381989,-75.05834198,-105.6493607,-30.20789337,-47.05569458,-50.06964874
-60.65367508,-69.86327362,-87.20042419,-61.15748596,-81.54904938,-90.76000977,-77.29057312,-72.35997009,-107.0222931,-27.47030067,-47.31731033,-51.51499939
-60.36867523,-69.46925354,-86.60903931,-62.06672668,-82.51076508,-90.62256622,-79.97051239,-71.40192413,-107.1949387,-24.82899094,-47.4158287,-51.12282944
-60.34313583,-69.49882507,-85.28011322,-60.48960876,-81.36743164,-91.83835602,-79.33068848,-68.20059204,-107.4969025,-16.66936493,-47.53185272,-50.48791504
-59.86529922,-69.29826355,-85.07520294,-61.18771362,-80.73838043,-91.4100647,-78.67166138,-66.84514618,-107.3452835,-10.18658352,-48.29676056,-48.49747086
-60.22424698,-68.2722168,-84.37225342,-61.89575195,-81.03970337,-91.66958618,-80.43266296,-66.39682007,-107.5451965,-8.40299511,-47.65612411,-49.87878799
-60.14100647,-68.48505402,-83.36071777,-60.559021,-80.71009064,-89.53855133,-79.2284317,-64.65905762,-108.8011551,-5.773943424,-47.80931473,-49.27924347
-59.65194702,-68.32958984,-83.39290619,-59.68964767,-81.46447754,-88.38458252,-79.71522522,-63.86912537,-107.9757233,-3.270195007,-46.04816818,-46.32696533
-58.73115921,-67.52370453,-82.38546753,-59.40382385,-81.40958405,-87.45927429,-79.5226593,-63.29110336,-106.1392593,-0.607230484,-45.37329483,-43.34622192
-56.4368782,-67.79837799,-82.42977905,-59.35977173,-82.04157257,-87.21186066,-79.79933929,-61.34239578,-105.3141708,1.557531953,-45.82381439,-43.13668823
-56.16274261,-64.32534027,-81.72527313,-58.65797424,-82.7672348,-84.4927597,-80.32577515,-56.64976501,-104.6762695,8.223993301,-45.99217987,-40.64157867
-55.39761353,-63.70396805,-80.44013214,-58.57252121,-83.44491577,-83.2824173,-78.65749359,-56.10154724,-104.1658249,10.86845398,-46.27648926,-40.40360641
-55.37036514,-64.3712616,-80.73802948,-58.68716812,-82.30755615,-82.96366882,-77.4080658,-54.04011536,-104.5330734,15.62295437,-45.88454437,-41.62559509
-55.00136948,-64.65213013,-81.49472046,-58.84823608,-82.16423798,-84.3703537,-77.23654175,-53.42840195,-105.2219009,18.01155472,-47.59658432,-39.27649689
-55.19516754,-64.24103546,-79.9817276,-58.22405624,-82.81659698,-84.34113312,-77.04227448,-52.19681549,-105.6927109,19.78443909,-46.9145813,-36.41158676
-55.61230087,-62.77745438,-80.50306702,-58.14053726,-83.70461273,-83.80862427,-77.58456421,-51.70686722,-104.3226547,20.30546951,-46.98331451,-34.19850159
-55.13837433,-62.44544983,-79.80001831,-58.64099503,-84.49221039,-83.1962204,-77.3037796,-51.44105148,-104.817955,24.74019623,-44.15510559,-32.57161331
-54.57584763,-62.24785614,-76.49417877,-57.88080597,-85.11627197,-82.43373108,-73.69126892,-50.74636459,-105.5331879,26.95918846,-43.77703476,-31.61688423
-53.85995483,-62.14538574,-75.23539734,-57.18841553,-84.88726044,-82.57848358,-74.18503571,-50.92140198,-106.8645401,29.31168747,-43.68310547,-30.74297523
-53.15410995,-62.01873016,-74.77444458,-56.98468781,-86.26902771,-82.12187958,-72.24223328,-50.73900986,-106.9725189,31.93298721,-40.90809631,-32.44153214
-49.99897766,-62.19592667,-73.98979187,-56.74222183,-87.81986237,-81.23358154,-72.71017456,-50.06058121,-107.5496902,34.15524292,-39.51395416,-33.03899384
-50.218647,-62.04874802,-72.80628967,-56.40511703,-88.90233612,-81.35946655,-71.95851898,-47.19529724,-106.3936768,34.13912964,-39.26670074,-36.77655411
-47.6361351,-62.42904282,-72.21478271,-56.26774597,-88.49172211,-80.96533203,-72.13639069,-44.92433167,-106.5509491,35.58640289,-39.13438797,-34.30083466
-47.23064804,-62.81243515,-71.03887177,-57.55812454,-89.01150513,-80.12663269,-72.9425354,-44.54689789,-105.829895,37.23923874,-37.40255356,-32.68506622
-47.35069656,-61.7416687,-69.82875824,-56.76383972,-89.84823608,-79.59497833,-71.78675842,-40.33718872,-104.3064423,39.56406021,-37.99985886,-30.49113655
-45.81075668,-61.61197281,-70.31668091,-57.27542877,-90.48368073,-78.54229736,-72.89670563,-41.67081833,-103.8311081,39.34849548,-38.71694565,-28.60791397
-45.94825363,-61.2835083,-68.66358948,-57.82622528,-91.07186127,-77.31559753,-73.54432678,-44.81412506,-99.60582733,39.41213989,-38.70505524,-26.2551918
-42.84381866,-60.72177887,-67.00894928,-58.07581711,-91.77616882,-75.21568298,-72.58753204,-40.70625305,-99.7947998,39.51734161,-38.85367966,-28.1592598
-40.79400253,-61.95869827,-65.70782471,-58.08047104,-92.16949463,-74.24414825,-72.53443909,-37.35111237,-97.25238037,41.97947693,-38.0905838,-24.5037899
-38.01339722,-62.36674118,-65.38059998,-57.88901901,-92.06974792,-73.5223999,-72.64208221,-36.83666611,-96.7975235,38.2383728,-38.00711823,-23.65774155
-33.90674591,-60.6626358,-64.85643768,-58.11680984,-92.42279053,-73.32160187,-70.82021332,-34.22445297,-96.83664703,42.10106277,-38.2747612,-21.7572937
-31.84781456,-59.57385635,-64.58187866,-58.40820694,-91.82136536,-72.76667023,-70.68986511,-30.24013901,-96.12051392,45.17160416,-38.48256683,-17.83210754
-26.81073952,-59.44830322,-64.67282867,-58.1831131,-91.83491516,-71.77644348,-69.53746033,-26.23339272,-94.65015411,47.15206146,-40.58816528,-17.58575821
-26.10855103,-59.68809128,-64.94532013,-58.44696045,-92.8398819,-70.3650589,-67.47185516,-21.55094528,-95.36935425,50.05303955,-41.44733429,-16.14642715
-23.39396477,-59.4723587,-63.29083252,-58.48402786,-93.2243576,-69.55828857,-67.28179932,-17.88814163,-96.05496216,51.24957657,-41.37150574,-16.29331207
-19.67983627,-58.40525055,-63.78805542,-58.28094482,-94.52851868,-67.0449295,-67.59333801,-18.844347,-95.86467743,53.76051712,-41.79807663,-15.58299065
-16.92206764,-58.60997772,-63.35506058,-57.8039093,-93.71141052,-67.0058136,-64.7990799,-16.30796051,-97.11068726,59.0867424,-42.72887421,-16.33172989
-14.83117008,-55.41014099,-63.77254105,-59.11946106,-94.102211,-64.10505676,-63.41704941,-19.13098526,-96.568367,62.96136856,-42.88817596,-16.2286644
-12.52971077,-54.97500229,-63.97769547,-58.31606674,-94.96795654,-61.7570076,-64.14134216,-16.09412956,-95.53923798,66.85073853,-43.98496628,-16.57910156
-8.675638199,-55.42875671,-64.14802551,-58.6424675,-95.12290955,-59.26996994,-62.92516327,-12.17928982,-95.69271088,69.31950378,-43.89276123,-11.35345078
-9.302912712,-55.21653748,-64.70901489,-58.56492615,-95.83640289,-57.51054382,-62.61975861,-9.390232086,-97.69522858,73.94866943,-43.13600922,-12.92498493
-3.682182789,-54.67287064,-65.5664978,-56.50640869,-96.1760025,-56.89561081,-63.08027267,-9.539411545,-99.45521545,74.74590302,-42.54543686,-13.16590691
-1.388333321,-54.19733429,-63.60011673,-55.1492157,-96.00272369,-57.11754608,-60.68167877,-8.141102791,-100.5413361,77.03614807,-50.2436142,-17.91788292
0.985157967,-54.79077911,-64.6835556,-53.96831131,-94.79389954,-55.56561279,-59.19224167,-7.358832359,-100.8700638,82.33956909,-51.20858765,-15.49080467
4.207495213,-52.36841583,-64.25093079,-58.81034088,-95.05189514,-51.12537003,-58.96485519,-8.868562698,-102.9133835,84.08281708,-50.74751663,-14.82672501
7.791272163,-52.7334671,-59.55405426,-58.37885666,-92.78105927,-46.67530823,-59.47688675,-3.973878384,-98.23972321,86.87350464,-53.39588928,-14.49818611
10.48955536,-50.50389862,-59.58609009,-58.4274826,-91.25488281,-43.23430634,-57.70037842,-1.088119268,-97.46334839,88.20723724,-53.21086502,-14.30268288
10.77475071,-47.72244644,-59.47589111,-55.68993378,-91.07843781,-37.6256752,-58.14782333,3.737374544,-96.79330444,92.60580444,-50.00241852,-14.85339928
13.93338203,-48.02868271,-58.86160278,-55.55249023,-92.18923187,-37.09833908,-57.87643051,8.472122192,-97.72374725,92.28412628,-48.22750854,-14.75629139
17.13979912,-47.8474884,-57.83821869,-56.82551193,-89.30390167,-36.74048233,-56.68088913,10.66542435,-95.37969971,94.9021759,-42.93112946,-16.51391792
16.94542313,-45.90161896,-56.8798027,-55.35979462,-89.57562256,-35.51815033,-55.68714523,15.29426765,-96.19852448,98.2004776,-40.77146149,-17.40560913
16.35684776,-45.41540527,-56.55323029,-56.05113983,-90.41442108,-33.47436523,-53.43305969,19.32761574,-94.46677399,106.4083023,-41.28336334,-17.9790287
16.91613579,-45.55974579,-54.41822433,-54.99920654,-89.13578033,-29.22151566,-52.35219955,22.87884331,-96.21094513,107.8501663,-38.16104889,-21.19347763
16.84389114,-43.01165771,-53.77833557,-55.43982315,-88.72812653,-26.10000038,-51.26170349,25.59840775,-93.11299896,109.4096146,-38.06251144,-18.9583149
15.85948181,-42.79769135,-54.12181473,-55.03892899,-90.1781311,-22.90440941,-50.85145187,29.85535049,-90.16856384,112.7542038,-37.63579178,-20.55821419
16.9922657,-37.81126022,-53.11499023,-55.0943222,-90.13080597,-22.80648994,-47.86539841,34.46559906,-86.6122818,116.9620438,-34.68091583,-23.75935173
17.62973595,-38.16492844,-52.1241951,-54.28171158,-90.29171753,-21.90733719,-47.52505875,36.42682648,-86.86762238,118.95298,-32.24090958,-20.70671082
20.99621201,-40.05992889,-51.49664688,-53.3926506,-89.71755219,-22.05969429,-47.38084793,39.21955109,-85.49688721,121.6174622,-29.34836388,-23.49334526
20.73868942,-41.70544052,-51.21362686,-53.33864594,-90.06621552,-22.06585503,-47.29526138,42.83900452,-82.95463562,124.3965988,-25.78808212,-20.65730858
20.77970505,-43.81484985,-51.24344254,-54.13027191,-89.86795044,-22.33771896,-48.02080154,45.99150848,-81.09169769,128.7769623,-26.62690926,-17.49041939
20.66498756,-44.69648743,-50.01622772,-53.42830276,-90.2922287,-19.44290924,-48.12742996,47.72233582,-79.19011688,131.2593536,-27.52021599,-20.07885933
21.46727371,-45.58889389,-47.27835083,-52.7600975,-87.93708038,-16.55115128,-48.35166168,47.6649971,-73.93578339,133.8491821,-26.41473198,-20.0735817
22.00041008,-44.33804703,-43.27808762,-52.67162323,-88.33454132,-15.00436783,-48.52650833,52.52921295,-68.55908966,137.3220367,-26.63343048,-20.95156097
21.83917236,-44.28466415,-39.36437607,-52.91129303,-86.34781647,-12.7858963,-48.49943924,54.0459404,-66.61739349,140.1978455,-22.24466133,-18.1074543
21.10094261,-43.96305466,-38.15631104,-52.22576141,-88.22373199,-8.792293549,-49.35214996,55.5850563,-64.0293045,140.4895477,-22.85751915,-14.22570133
21.56221199,-44.22255325,-37.4895668,-52.26816177,-89.32572174,-5.71540308,-48.73104858,58.22549438,-61.06227493,138.2810364,-22.53446579,-12.26324749
22.32473755,-43.48556137,-36.43710709,-52.19674683,-92.7322998,-4.546998978,-47.89231873,57.74708939,-60.62546158,140.9886627,-21.38613319,-14.07964039
22.23889542,-43.55009079,-34.94712448,-51.48189926,-93.74716187,-2.238597393,-45.90967941,60.82268143,-60.98878479,143.4445496,-18.02024269,-10.73979855
21.40329552,-42.98186493,-34.07359695,-51.1522522,-95.49500275,-1.390410066,-45.82077408,59.68651581,-61.63139343,141.4406433,-18.29985809,-7.200141907
20.78730583,-42.84955978,-32.87206268,-50.98780823,-98.1580658,1.925967336,-45.88407135,62.42546844,-62.1462059,144.7879944,-15.63245583,-3.67672205
20.47172165,-43.31946564,-30.65487862,-50.11307144,-98.16691589,1.768188596,-44.96529388,64.36436462,-61.95402145,147.6681061,-17.00655556,-1.421748996
20.32398033,-42.01572037,-28.86010933,-50.25505829,-97.70045471,2.441761017,-42.9733429,65.66123199,-62.39232635,147.2477264,-15.90009022,-1.662775755
22.77140617,-42.30107498,-25.62667847,-50.72784424,-96.99751282,4.478662014,-47.87952042,68.72386169,-62.81731796,147.7801208,-16.75936317,1.04826045
22.79693985,-37.26009369,-25.05790329,-50.1913414,-99.5824585,7.062992573,-49.92421722,71.74524689,-60.30514145,150.0864105,-17.60103989,-4.044669151
19.33080482,-34.53401184,-24.90605545,-50.65418243,-99.40146637,10.51897526,-50.68642807,75.00035095,-58.78572464,153.0973663,-15.29911613,-3.529405355
20.48861504,-32.9852066,-22.27961349,-49.91252136,-101.1427078,8.765515327,-50.63286591,73.92302704,-59.79574966,155.900116,-14.71766663,-0.127178982
21.34449196,-31.23047256,-22.05241013,-49.86751175,-100.9195251,10.6522789,-49.20952988,76.7736969,-55.85476685,155.7147675,-11.98457146,2.324599743
21.026371,-29.43825722,-22.05816269,-49.56705093,-100.1159821,13.28047085,-48.91947937,80.50602722,-56.10906982,158.006073,-13.68425751,6.984433651
21.75793839,-27.13747406,-21.37947845,-49.50141144,-98.50634766,13.60097122,-49.2783432,83.63706207,-53.50478745,158.6202545,-11.22958183,6.653619289
20.91380692,-24.6026001,-18.95559311,-49.60827255,-99.32054901,14.94929409,-49.95252991,86.45248413,-54.60634232,161.8169098,-8.317510605,9.259190559
21.48353195,-22.93223381,-16.21488953,-48.92217255,-100.9092789,17.93582153,-46.05690384,89.4008255,-55.73512268,159.2716675,-5.981374741,11.679883
20.70009232,-21.97063828,-15.88403511,-48.43735504,-101.2661819,17.83083344,-47.73384094,92.28270721,-56.66378021,160.6802368,-7.303060055,11.86034107
19.45110893,-19.81878662,-12.91447163,-48.48751068,-99.84403229,19.97456932,-48.21870422,97.07428741,-55.95684433,161.3309021,-4.713681698,14.43126011
21.2618103,-18.63485527,-11.46765709,-48.01082993,-102.5732498,22.65306664,-49.03876114,100.5718994,-52.67402649,151.807663,-4.944290638,17.27731895
21.46422005,-15.43803215,-10.27046394,-47.01011658,-104.0364838,23.62874413,-48.60023117,103.2767792,-53.30412674,148.5101166,-4.703958988,17.48996544
24.22819901,-12.69069576,-6.996902943,-46.97330475,-103.4898376,25.96245384,-48.52109528,105.7982178,-49.97576904,143.3785553,-4.662810802,16.69192123
23.463871,-9.997384071,-4.251307011,-45.18018341,-101.3775024,28.37041664,-47.85340881,106.0029984,-47.19966888,141.0084229,-4.110155582,19.19979286
23.86133957,-7.549283028,-3.301296473,-44.19171524,-100.2884521,30.44227982,-47.20110321,108.778595,-44.33355713,141.7614594,-4.307768822,19.7730751
23.93955231,-5.027022362,-0.141436264,-43.36961365,-99.19467163,34.3761673,-44.65293121,110.3196106,-43.40411758,141.6649628,-4.500728607,21.20038605
22.57144928,-2.344166994,2.391895294,-42.37743378,-96.10525513,37.66639328,-42.65095139,113.3803101,-40.44297791,142.7012329,-5.773643494,21.81041145
19.77383423,1.198404551,5.345143318,-41.54719543,-96.4773407,39.98463821,-42.46479416,114.5896759,-37.52479172,143.9382935,-4.884820461,22.46316719
19.6136322,3.923301458,5.489650249,-41.22472382,-93.89911652,43.0597229,-42.60472107,115.2272186,-34.39941025,145.0888977,-2.640300989,27.07115364
17.2145462,6.726724148,4.292963028,-42.28192139,-93.16316223,46.9105072,-47.41469193,118.1311874,-30.06803894,145.1478729,0.685378909,29.13319397
18.03398705,9.421484947,3.310961962,-46.3195076,-89.09123993,47.73485184,-45.85193253,117.0399933,-27.46036148,144.3804169,1.468221068,32.07608032
14.30879211,11.33432579,1.346376181,-46.06609344,-88.7196579,49.84831238,-43.63291168,119.87883,-27.06453133,144.3551483,3.553002357,34.81225204
12.9120636,14.41456795,3.552304268,-43.66622925,-87.75882721,53.19625473,-43.01077652,120.555191,-23.69221115,146.8939819,3.684109688,33.88951874
13.53595829,17.01032448,6.765275478,-43.09400558,-84.17137909,52.32429123,-42.76835632,119.7225571,-21.26945114,147.5535736,1.241459012,36.41193771
9.463182449,17.54878807,6.699605465,-43.47350311,-82.04956055,51.55953217,-41.06034088,122.5830231,-19.27011108,144.1466522,4.146369934,38.78277206
6.235898972,20.70633125,9.378498077,-42.60866547,-78.03956604,55.59399414,-41.12669754,122.8566437,-17.63077927,147.2126617,6.188270569,39.02534485
4.455992222,23.01985359,9.962017059,-40.44020081,-74.91804504,62.38797379,-38.53718185,125.6364288,-15.93042946,149.9747009,9.289018631,40.18513489
4.641757011,23.61060524,12.61325645,-38.3263588,-71.93209076,65.67941284,-36.90702057,128.2579498,-15.42323017,150.2068787,10.20799065,42.75575256
2.714473009,23.97773933,15.05300808,-37.75571442,-67.76760864,66.63683319,-34.79801941,129.0183411,-11.26067924,150.1403046,10.99951172,46.7583847
1.149318218,26.80321693,18.98570633,-34.23630142,-64.36518097,66.1811142,-30.53292274,131.3942261,-10.62707806,150.2044525,11.50918674,46.80945969
1.07785821,29.8786602,21.19842529,-32.09253311,-62.26553345,66.53073883,-28.72879982,128.121521,-9.039819717,150.9064484,12.15833473,49.5326004
0.526882946,29.97793007,21.79914474,-28.77201271,-59.1806221,68.91426086,-30.50391197,125.9622269,-7.049365044,151.4680023,11.55150032,49.68642426
-1.800521612,30.51779938,24.13906479,-24.1560936,-56.43188858,68.40835571,-26.8492012,128.6690521,-5.827255249,153.9164124,11.3587656,54.16893387
0.929001689,31.39897919,24.19438171,-22.15499496,-53.63967514,66.36505127,-24.61455727,129.8214264,-1.534143567,150.5418243,10.2982893,56.11063385
2.870640993,34.10091019,26.7818718,-19.66470718,-52.66992188,64.5621109,-19.52480316,130.068222,-0.041235473,152.3982239,10.26570225,56.15494919
-1.159774661,34.56713867,28.36815834,-16.86515427,-51.20554733,62.98500061,-17.11789322,132.7472687,1.501123905,152.5845947,12.00017834,56.11421204
-0.807847679,35.22423553,31.59413719,-16.44207191,-47.93507385,63.48057175,-14.51773167,133.6408997,2.369756937,155.6244507,11.51060963,59.48509598
-1.698443055,32.46085358,34.42175674,-13.62277031,-46.99196243,66.09777069,-12.57771873,133.7310333,3.080522537,155.5997467,13.36366367,59.81151581
0.693340242,35.4830246,36.60621262,-10.54146576,-43.68942642,65.24834442,-10.12830162,136.4021759,6.386685848,158.0526581,13.82436466,59.34027481
3.397852182,38.67419052,39.0100708,-7.821306229,-43.04129791,65.50373077,-7.61768198,136.5233154,7.748867035,157.9967499,13.38179016,63.04919815
6.343764782,41.568573,41.94736481,-7.194001198,-40.02591324,66.63994598,-6.934645653,138.9812012,8.283100128,163.2396698,12.9332943,61.97620773
8.201451302,44.0200119,45.37080383,-4.292281628,-37.01523972,69.26011658,-7.280506134,141.4155426,9.050601959,166.4619598,11.78331852,61.75844955
8.024031639,44.19119263,48.91518402,-1.087608457,-35.96036911,72.00130463,-4.742206097,144.3936615,12.55541801,166.256073,11.0679121,59.05488968
9.704319,44.17991257,52.26733017,2.186662912,-32.0647316,72.52304077,-3.294679403,144.2363281,13.60986996,163.8583679,8.385010719,56.78416443
12.91451168,44.69680023,54.46948242,4.922995567,-32.48702621,72.508255,-0.939358056,146.8925171,14.83104706,164.1144714,6.154966354,59.07217026
12.37195969,44.85155869,57.01773071,7.965364456,-32.38057709,74.87886047,1.97690177,149.0977173,15.14077568,166.7854004,4.714056492,61.16572189
14.46629429,47.61303711,59.64957809,11.3319273,-32.48588943,74.19364929,4.706498623,151.4286957,15.47289658,166.7841644,2.108195305,65.6413269
13.44197273,50.98416901,62.35178375,11.140625,-31.55892754,77.81404114,7.831168652,154.2148895,16.05764389,166.8093567,-3.200048685,69.15475464
13.23936749,50.37630463,65.43315125,10.21102524,-28.07181358,81.6628418,10.2013092,154.3772583,15.82905006,166.7793732,-3.794499874,72.24714661
13.83236217,51.31798172,65.98355103,13.09054756,-25.56955528,84.073349,10.34266186,154.3635864,18.70751953,166.6284485,-4.725337505,73.39084625
16.20368767,52.58314896,68.11652374,14.59771156,-22.21028137,83.69111633,10.78261471,152.1693573,18.83607101,166.8746948,-5.537593842,75.03747559
18.75300789,52.3970871,70.6523056,15.37364197,-19.48680305,86.17731476,11.22344971,148.7037964,18.19085121,167.2339935,-6.468372345,70.24746704
22.06530762,55.92157364,73.8899231,18.64710045,-16.29319382,85.25862122,14.27315712,153.2721558,19.70776367,167.1347351,-6.934597969,65.24124908
22.27494621,59.2001915,72.94293213,18.32171249,-15.4341011,87.68468475,14.28682613,159.5905304,17.32564354,164.3997803,-8.666217804,62.63158798
22.95175362,60.26400757,74.76988983,21.28985405,-14.52470684,91.11290741,16.73699379,158.210022,18.10925293,164.7480621,-8.62234211,67.17583466
23.8583374,60.91027451,74.81214142,23.79554558,-12.2343359,89.05905151,19.2294693,155.3106079,12.83703804,166.2630615,-10.02066231,67.27336884
20.96651268,60.79685211,77.29058075,26.50419807,-12.86957359,91.84894562,20.69539452,158.3481445,14.8887167,161.3372955,-7.253718376,66.21746826
22.23962975,64.24254608,79.61159515,26.53037643,-10.58969879,94.19967651,23.48753929,158.7262878,17.7578373,154.1082458,-5.56325388,68.35037994
19.49579811,63.89916992,79.84104156,25.55270195,-8.774942398,96.86154938,23.88353348,159.1494446,20.99022675,154.3288879,-2.702139139,66.12502289
15.81940365,66.23793793,82.93844604,28.22428703,-6.222114086,98.75592804,26.49663925,158.3193207,20.11865044,154.8537445,0.764374733,69.83563995
18.34150314,69.61381531,85.73736572,28.43999863,-2.62562871,98.58921051,25.27397537,158.2204132,21.00243759,154.7506256,-0.134556055,72.02097321
14.96169567,72.1026535,88.26737213,31.24856377,-0.085885346,102.0200958,24.57037544,155.1162262,24.78675461,154.7934265,1.919826269,74.15748596
14.24234009,72.18928528,91.2713623,34.41313171,3.343118906,102.770813,24.11758041,159.8512421,28.76996231,154.5593567,2.045105934,73.51422119
12.08606339,74.99347687,93.34812164,34.00134659,4.083848476,103.1562653,24.75400162,160.2237091,29.98144913,154.6085358,2.489351988,74.52487946
8.501350403,77.46331787,95.98648071,33.05106735,3.354015589,104.3850937,27.32311249,165.9904327,27.8232975,152.7954865,0.559583426,72.26237488
9.212216377,79.33937836,96.5617981,33.4624176,5.672315598,105.4567642,29.75162506,164.4647522,29.72071838,152.909256,2.984117031,76.27841949
6.203036308,81.38034821,98.99795532,32.87760925,8.734728813,106.5919037,30.45840836,164.7677307,30.9640274,153.1866913,5.768110752,76.46906281
8.92901516,83.52105713,102.2877274,32.28571701,12.60017776,107.5925674,26.40233994,163.2758484,35.62194824,152.958725,8.795235634,76.42758942
5.241828442,85.51870728,106.4862747,34.79569626,15.3971405,106.1176071,29.35162735,168.1500244,37.21866226,153.6040497,11.25942707,76.21979523
2.400087357,85.73522186,108.168541,33.96694183,17.72103119,109.1910477,32.07417297,171.2718658,37.90441513,156.3497314,21.284935,77.65162659
1.885040164,86.3766098,112.4809265,34.58467102,21.82853889,112.1312256,34.6187439,173.7374115,41.49143982,156.0897675,24.07445335,77.18887329
0.823763311,84.13476563,115.1110153,41.850914,25.64973068,112.5292206,37.30707932,177.5342712,45.85052872,159.8586884,23.39258385,80.45849609
-2.4371171,85.53224945,113.4138718,44.75093079,25.38210297,113.340416,37.87590027,177.6756897,42.18727875,157.5819702,28.95881081,80.41038513
-6.20428896,87.97735596,117.0186462,47.27318954,28.42226601,113.9837646,38.09165192,177.8400421,45.36203384,155.2473145,29.53144836,83.38366699
-3.97384119,85.37046051,121.7962952,45.96286774,31.38730621,113.5531235,41.45117188,177.6367645,45.69786072,155.5615845,29.35254669,84.30789948
-11.08421135,85.1554718,124.1635971,46.54188156,35.19178772,116.3158798,44.76013947,177.7312469,46.36528778,153.6988678,30.6860218,85.06161499
-20.35409927,88.57614136,127.6889648,48.91403198,38.38997269,119.0741959,44.87528992,177.1341858,44.1176796,153.8875122,31.41832924,89.88340759
-22.02775574,91.81578827,131.0678406,49.49965668,41.43186951,121.5617676,44.98337555,176.887085,45.18046951,151.417984,32.29536438,91.43209076
-23.35503387,94.84708405,134.035675,52.04013443,45.35374832,123.780777,41.04657745,176.437851,41.39751816,149.361618,30.45502663,90.30056
-25.27345467,95.78233337,136.1056213,53.80812454,45.88253021,123.6031723,43.31857681,173.8079987,45.56604004,146.6896057,27.65952682,91.64377594
-23.70624733,99.21434021,139.1750793,53.92044067,48.9408493,118.4134903,42.2821312,173.9182129,44.32223129,143.9864197,29.82230949,92.38135529
-20.75716019,100.0272141,133.8442841,56.06018829,52.47041321,118.9845963,42.75009155,173.1294098,45.19930267,141.5379791,32.27572632,92.43860626
-22.06702423,100.4543915,136.5439606,58.98486328,55.42167282,121.4192123,43.50784683,173.5046234,36.8006134,144.1434021,28.64559174,98.74398041
-20.12862015,103.7533112,139.2071075,61.58766174,56.01924133,124.5411301,45.89289856,171.8833618,41.276577,148.6367645,28.78992081,95.64215851
-23.89632797,108.7165222,141.8128815,64.14017487,56.10626984,127.6053314,48.50954819,168.6736145,45.06077957,150.98703,28.70359802,98.7726593
-21.78325462,114.0639191,145.0087891,64.19629669,58.66448975,130.7618866,51.08544922,165.2780914,39.99496841,150.8804016,22.91199303,96.8770752
-22.48819733,116.2303391,148.240921,64.64671326,62.19804001,134.3422241,54.35449219,165.6223297,39.94406509,153.4611511,26.60904312,94.48534393
-21.20828247,118.3991089,151.4058838,67.15379333,65.66244507,135.100296,57.57743073,167.1663818,35.10700226,155.186676,30.51904106,98.20295715
-21.92802238,121.5448608,148.7529297,69.77857971,68.75967407,135.1195374,60.94691467,169.6695404,29.4914856,148.3917694,31.5667305,99.61446381
-20.2727623,126.1307831,148.0905457,72.8591156,72.23271942,138.0900879,63.63596725,169.5298157,26.73155403,148.7798767,34.13696671,101.4718628
-20.2551918,129.3872833,148.223587,76.3809433,73.27349091,138.967926,62.3182869,170.5698242,23.33461189,152.6159668,34.44650269,99.36223602
-19.14004326,132.4677277,151.0095825,76.78316498,76.19187927,139.4626465,62.12557602,171.1280975,19.41646004,152.5910187,35.05809402,99.38105774
-19.92720795,135.489975,151.421402,80.06762695,78.88156128,139.5209351,57.93894577,169.0757294,15.52848721,152.7446899,34.00326538,98.3287735
-21.16830444,138.2844238,152.8026123,83.11454773,84.02971649,142.3731232,57.10939026,170.3466797,18.13361359,154.661499,35.48228073,98.17592621
-18.67589378,138.0402679,154.8016205,85.77116394,87.74666595,144.9292755,54.48148346,167.9268799,19.50395584,157.0631256,32.78762817,98.28775787
-16.342556,140.6887054,157.9116364,88.35422516,91.74396515,148.8395691,56.37733841,167.3150482,22.87460327,157.1682129,35.62189102,95.20697021
-15.65110207,144.1785278,161.0808868,90.39002991,95.30980682,142.9237366,56.89868927,164.8375854,26.40100479,158.2269897,36.52776337,95.20974731
-12.71233845,147.0508423,161.3683014,89.48989868,97.93862152,145.6687622,55.26909256,164.7029724,25.87980461,161.2911682,41.81906128,93.16275787
-10.04647255,145.3197021,162.6204224,92.56945801,100.7981491,149.2994232,46.73313904,165.4406128,27.39236069,167.5791321,40.43655777,93.2569809
-9.271524429,147.3689575,163.6152496,95.79451752,100.8752213,149.7251892,51.85711288,160.6666107,28.41184425,167.6841888,43.4498558,90.94913483
-5.846376419,147.6655273,166.5549011,99.61164093,99.70035553,150.3895569,53.57550049,159.7871857,28.33164406,174.7047882,47.38220215,95.78073883
-2.509320259,147.6909485,169.7523499,102.8093567,102.2482529,148.0470428,53.94395065,159.6881256,31.55292511,178.9466248,46.41120148,93.56131744
0.108968072,148.02388,170.1574402,105.9002991,103.2433472,152.141037,51.24259949,162.9020386,29.55178642,182.4369812,48.47271729,93.7437973
1.472922921,148.7438049,172.8170013,108.517868,104.7232513,151.9184723,49.3772049,162.7970581,25.26124763,182.8553925,42.23368835,91.8966217
1.937465429,149.6138153,175.8218079,111.5044098,105.3714523,152.5858459,48.39326859,162.8503113,27.36200333,181.1318054,47.54034424,91.97077179
4.07791996,149.7170715,178.4364014,114.0207291,107.8755646,150.1254272,48.24827957,162.8246918,27.61380959,171.0976257,46.87649536,95.75640869
4.876440048,150.9930573,178.3449097,117.1013489,111.1883774,152.4785767,48.47468185,163.1837616,31.25873756,158.3532715,43.16149902,94.88485718
7.003793716,152.4595947,176.2809753,119.8190613,111.9703217,153.1434784,48.80600739,163.3462372,31.87754631,155.221344,40.89438248,94.29011536
8.129920959,155.3929596,178.8058319,122.6619568,113.6190872,156.688446,53.52814865,163.3131104,35.60643005,155.3614349,43.86891556,97.29456329
12.41832733,154.0833435,176.6752014,125.7836227,115.6807175,157.7315063,54.14159775,160.6068878,38.58127975,155.306366,40.04341507,97.954216
15.3366642,155.4759064,179.4941711,128.6802216,122.0271912,158.1568298,54.07553482,158.0841064,38.70676422,148.9659729,41.15124893,98.49861908
17.18971443,155.7913055,181.4003448,131.8417816,122.6102905,160.1702576,52.44451523,155.4206696,42.66798401,149.6446533,43.48015594,98.75422668
17.07706451,155.3024292,178.9117737,133.7408142,124.7199478,159.9273834,55.49216843,152.6345215,42.2017746,149.4190063,46.64645004,101.9595795
21.49544907,155.5523529,179.0397491,134.3690338,122.3443222,160.0679932,55.29829788,153.227005,42.71406174,148.5511627,46.39313507,99.61196136
23.54513931,153.6389618,180.9640961,137.0704651,122.8147202,157.8267822,58.43669891,153.0971222,41.70331192,148.6679993,49.43455887,99.891716
26.7849617,154.0888519,180.7100525,139.7807617,119.7772369,158.2320099,59.13475037,150.8349915,43.86236954,148.394577,52.64703369,100.2134781
31.96157455,151.4608765,178.8829956,139.6283722,117.6823807,158.2974091,56.61023331,147.5944366,43.9580307,148.2153015,57.31309128,102.7934494
38.61008072,148.233963,176.3491669,141.9349823,116.1371841,158.0781555,59.55520248,144.9356537,39.98708344,148.5025482,59.4858551,102.4630356
39.53717041,148.7472382,176.4828491,144.5450439,114.5619507,158.0668182,59.21113205,146.7951813,40.12023926,148.7610931,59.88770294,97.70772552
45.53995895,145.6723175,178.2874451,148.0791626,117.1289444,158.4191589,66.28648376,142.0251465,39.99349213,152.5661163,57.705616,93.27628326
47.46901321,146.0023804,182.2543945,155.0029449,117.8162613,161.5115204,64.70674133,143.5821838,41.1625824,149.9885712,60.2505722,90.29981232
50.60805893,146.8000488,186.9718628,157.3125916,117.9218063,161.3173523,60.79146194,143.9753265,43.94005585,150.1938934,60.71493149,90.85939026
55.28192902,147.0586548,187.8370819,150.3786926,120.1649933,159.8584595,60.08898163,146.5400085,37.81368256,149.2304535,62.52495575,92.11217499
57.669487,147.2335205,187.4250641,152.55159,121.1568985,163.238266,59.60381317,149.7454834,38.57575989,145.8222046,66.52124786,92.60359192
62.04523468,149.1395111,190.5185089,156.0948792,123.9405518,166.2836151,55.22348022,147.4133606,41.15319443,145.976181,66.61299133,93.31626892
68.04034424,148.7754517,190.9288635,156.0577393,121.9620972,169.4165802,54.65604782,149.572403,43.8941803,145.9560394,67.14770508,96.05342865
72.87226868,148.8016968,190.4830627,154.9962311,117.6252213,171.5044403,55.68275452,149.4872437,46.78893661,143.6715698,67.32361603,97.77869415
75.75475311,151.6423798,188.793808,155.1996002,113.9278336,171.5179749,51.76374054,149.0857544,49.37244034,141.1243591,67.03884888,98.21552277
80.58347321,152.2324982,188.5935974,157.5476532,111.4646835,172.2792969,49.99839783,148.9896088,49.88873672,143.3440399,67.56896973,96.3347168
85.09372711,149.3438263,188.4089203,157.6816254,109.6691055,176.1608429,51.49609756,149.1350708,50.3697052,139.7117157,70.43188477,99.28476715
88.29305267,149.3430023,188.7959442,158.3563843,105.8999405,179.9310913,48.11138153,151.9486237,51.06483841,137.1486664,72.45365143,99.55756378
91.80207062,151.5770569,188.7197571,158.5767212,104.4403458,180.4691315,49.30234528,156.493866,53.07628632,134.2742462,75.580513,99.88757324
97.35050201,153.747467,188.998703,158.6066589,101.7743073,184.1382294,46.99091721,156.5128632,56.07450485,133.6209412,78.19947052,99.1521759
97.55472565,156.0067444,190.206131,157.6491547,102.3250885,187.5718994,46.39473724,156.0870819,53.71266556,133.4824982,82.04595947,96.13043976
98.61556244,156.1939392,190.5833893,158.0048676,104.4247894,191.0621033,46.09968185,157.7811584,56.02653503,131.3123016,84.90773773,94.65837097
105.1588898,158.440567,191.7439575,153.2703094,100.9660873,194.5045319,40.59363937,153.5472107,58.85922623,131.128479,85.78707886,95.04451752
104.9074173,161.0871887,191.7497711,149.5305481,98.17401886,197.1833038,41.74198151,152.42453,61.87943268,130.9404449,89.03570557,91.8853302
108.9486923,162.5094604,189.5457916,149.7088013,97.20396423,197.3100433,38.28862,146.3593445,65.3710556,132.066925,89.96913147,91.96821594
108.274437,161.80896,189.9342346,149.40802,97.72949982,201.0125885,35.20786285,143.850296,65.86118317,129.7430115,87.80901337,92.16568756
108.7423096,161.1300659,190.3621826,149.74646,99.57423401,,33.10398102,144.6078033,64.53910828,132.0805054,90.9381485,91.82514191
108.8299332,160.9391785,190.8082275,152.2214661,98.42443085,,34.00506973,141.9356995,67.99800873,129.3616486,95.34934235,94.14833069
109.7412949,161.6056671,188.6500397,152.0533295,96.57987976,,34.10772705,139.1177979,71.1254425,125.0210495,97.27720642,94.49159241
113.0797958,164.4963684,189.030899,148.4984589,96.52948761,,34.37651443,136.4750366,71.22963715,128.589447,101.2471313,90.34894562
114.0075073,167.1092834,188.5448761,148.1172791,96.86950684,,30.86816025,135.9352417,71.42036438,135.1627045,106.6793594,93.82367706
113.5888214,169.3537292,186.8223572,148.4678192,100.7561493,,26.85422897,136.2203979,74.43294525,129.9746399,111.7304001,89.0828476
116.4436035,171.9629822,184.0857086,148.544632,103.3063126,,24.51003265,134.553299,78.91834259,128.3081207,116.2174225,89.51630402
116.0840607,171.6565247,183.8732605,148.5821228,107.6531296,,21.17576599,134.1231842,82.16307831,126.0707626,119.228447,89.59823608
117.1115341,171.7652588,183.6304474,152.051651,110.6613693,,17.14717102,131.1832886,85.71553802,123.2735977,119.804863,89.78765106
120.2333069,174.6135864,183.6557617,155.9918365,108.5873032,,17.9300251,128.5964813,88.45682526,126.6236496,123.1222687,94.20458221
120.58992,176.973999,186.020874,156.0205536,108.8776093,,20.52195549,126.4316711,89.92156219,124.182869,127.2636185,91.69109344
120.5442429,178.8873291,186.2652893,159.0931396,108.4611206,,23.54860306,127.4219666,93.43785858,119.2605972,130.8279419,91.90888977
121.5996323,181.8339691,186.2288055,161.1233063,106.3388214,,26.26931572,126.5296707,96.17514038,116.4289474,130.5344391,97.14842987
121.3704147,181.6270294,182.5599365,161.3772736,106.8368225,,23.91391754,124.6713486,97.71096802,112.6118851,133.9443054,100.9997559
124.3727417,181.1345673,180.4897766,165.2115631,105.7675323,,24.18704796,125.5767899,100.9785385,107.257164,137.9478455,104.6284561
124.1755905,183.4767609,180.7692261,162.9895477,105.0148544,,24.8340168,122.2955017,103.8569183,104.5863037,138.3094635,101.9090652
118.8999405,185.6877441,183.4887085,163.7711182,105.4110336,,25.28617096,126.0758591,109.5014725,100.6436386,141.980011,101.9896545
122.1556702,188.5897064,183.7368469,163.5259705,109.2239609,,26.456707,122.1952515,109.851059,101.2170258,142.451889,105.6931381
118.6109009,188.47995,183.7824554,164.1757965,110.0652008,,26.65240097,119.4166718,111.6141434,103.6579819,143.4124146,105.661026
122.2453461,191.4082947,186.6656342,168.4229889,107.8443222,,23.71696281,119.0978394,110.989769,105.7627487,144.399826,108.5821152
126.1829834,192.004303,186.9853516,168.683609,108.0733261,,23.69826508,119.3949738,114.1673965,101.7655258,145.8554688,108.2587204
126.3395004,191.7978058,187.0588379,171.4675446,108.4889755,,26.12365532,119.3747025,116.9874878,101.0185547,151.0152893,107.7021561
129.9228821,191.7977753,184.2732239,171.5729065,109.4350204,,29.54040527,122.4389877,114.5848465,101.0580063,152.2243805,104.1092072
130.3480225,194.4435577,185.0726929,172.2395782,109.9612274,,32.67155075,117.9596558,114.7673264,105.1905289,148.4012299,105.4683304
132.0789948,191.69487,186.1802826,175.2922516,112.1294861,,32.65629196,117.5138474,117.5967102,99.71177673,151.555954,106.5845871
135.7328796,191.907486,186.3110046,179.361557,116.0864029,,32.64233398,117.2541885,122.1564178,99.5579071,156.4459229,109.7498856
135.9403534,192.9009857,189.0841675,181.6278229,116.9115295,,32.66159821,116.285675,123.0815582,97.08995819,158.0193939,105.1312866
138.5932312,193.7958527,189.4501343,184.8336639,116.6217957,,34.03186798,116.6774673,125.9330597,96.95593262,158.02005,104.9759979
139.4684601,194.3607483,189.5479889,188.4199066,116.7860031,,40.58770752,118.7308502,126.2186813,96.78714752,157.9880219,109.3292542
143.4436646,195.5952301,190.0136414,188.3710632,117.0071564,,39.38941574,118.6776733,129.8722076,96.22549438,158.1698761,112.7191544
147.2771912,197.3625183,187.3775482,189.539032,117.3161469,,39.72794724,118.9723053,133.6248779,96.1271286,158.3250427,118.8408508
148.4628448,200.175415,182.8941193,189.1148682,117.3126297,,36.3045845,119.0474854,133.7582245,98.91706848,159.6440277,119.3639069
149.2967987,,180.7883148,189.322937,117.4397125,,36.33347321,120.0119171,134.275528,99.39151764,163.26828,119.6496735
153.1982574,,182.8403168,189.5250702,120.8161774,,37.53687286,117.4336548,138.0860748,106.5105209,160.2062683,122.167923
157.6947784,,182.6137238,189.8185883,121.1021347,,39.96809387,117.2253723,138.9417267,106.5256729,162.7888947,122.1106873
155.3120422,,182.3952789,193.7830505,121.0542526,,39.39091873,117.5785828,141.6256714,104.8018646,160.3428955,124.8957138
157.1469727,,182.409729,195.4209595,121.5131912,,37.78330231,114.5862503,141.1907196,105.2278137,159.9558868,127.0925598
166.7877502,,181.4268646,195.5865479,121.314209,,35.58289337,115.755127,146.0409393,105.3440628,160.167038,123.7236481
171.0183716,,181.3852997,198.0001221,121.4227295,,38.080616,116.0344391,149.0567169,105.3215027,160.5807648,121.1674042
175.6145782,,181.8489532,198.1642914,121.0198135,,42.29743576,114.7174454,153.6942291,104.9947968,165.6013489,125.7434235
177.1451263,,182.2937469,196.6956177,123.4920959,,42.05518723,113.1694794,153.6152191,104.7807159,168.4252319,127.5468521
178.326767,,182.1396179,196.9116821,123.1274338,,45.66206741,113.0456772,156.8973541,97.37184143,168.7323151,127.6535797
178.4788361,,190.4999084,197.2899017,122.8487778,,47.38793564,110.2185974,159.305542,92.19802856,168.6997986,131.2342072
181.9105988,,190.8417969,194.4452057,123.3735504,,44.33075714,107.6746292,165.1578827,92.01972198,172.1282654,131.2940674
182.5322876,,188.1208649,190.9240417,125.7461472,,44.44783401,110.0577316,164.6565094,92.06991577,172.5124054,134.0413361
183.5139313,,188.6279297,190.2048798,128.1603394,,41.23946381,111.4772034,164.3472748,94.86228943,173.1617126,136.8223114
183.579422,,187.8206482,192.5025177,128.7333221,,40.6522789,115.2715836,169.4450684,108.7198868,176.5933838,139.0327454
184.2894897,,184.5861969,195.5831299,128.4028778,,40.84414673,115.4324112,169.7320404,117.2870178,176.8631287,141.2649078
182.593689,,182.3278809,192.519989,128.5714417,,40.81098938,111.948204,171.5041046,122.5737915,176.6540985,143.3203583
185.1665497,,180.5650635,192.3272552,128.7571411,,40.53316879,107.4390411,177.5953827,119.0166931,176.4222107,143.1038666
185.9595642,,178.2263489,192.7652893,129.291687,,40.45277405,104.8495712,180.5026855,121.9880829,176.7441254,144.8525238
189.195755,,175.8939514,190.1747589,129.8992004,,44.29032898,103.6635895,184.6643372,123.0776825,175.1320953,147.0345154
191.2144165,,172.9522552,189.4783478,130.4271088,,47.34857941,99.60587311,189.3137512,122.8852692,177.1316223,146.7380371
194.7394409,,168.5189972,186.5691986,130.5705414,,53.77639008,101.4995575,193.7618561,118.1780624,178.3323212,149.3676758
198.1548004,,168.7728577,186.2182007,130.5707092,,56.55789948,103.0464554,188.6224976,121.5142288,178.0848999,154.2621002
198.0110321,,163.4141388,185.6374054,130.9089203,,59.83581161,105.5083618,190.790451,124.2525864,178.9832764,154.680481
199.1080627,,157.6230621,183.0737457,130.6801147,,58.33081055,109.8848343,188.3191223,124.2658997,179.4799652,158.2274017
201.496994,,157.4223785,178.5260162,131.9197998,,58.65851593,111.3718338,188.1135712,125.2201767,174.4128723,158.4631195
,,159.7705841,181.9053955,132.2126617,,60.37497711,111.4165192,189.583313,125.5489655,171.7622528,161.2350769
,,159.562561,179.0305023,132.6103058,,70.09870911,113.5336151,189.3695221,125.7538376,169.4989471,164.3368225
,,159.6978455,178.5799561,135.141037,,72.34286499,114.9446869,189.2479248,126.0963974,169.5645752,164.8957672
,,159.2194824,178.566864,142.4572754,,75.5846405,115.8557663,190.4561768,125.9594727,169.7627563,162.8457794
,,159.3707123,178.6293945,142.9526367,,78.63532257,112.447113,190.1354218,126.2013626,171.2225037,167.8757172
,,158.0462646,178.2680206,146.2195892,,83.47991943,112.5498352,195.9458008,126.0804291,171.5088043,163.8049469
,,156.1510925,177.7523346,148.2748108,,86.69567871,111.3429489,200.3592224,129.8240814,177.7826233,166.3703003
,,153.5434723,174.8278503,151.6242065,,90.04548645,111.4731445,,129.6934052,175.1378632,166.4543152
,,150.9111176,172.2372437,152.0111389,,91.80470276,110.6669693,,130.5950317,173.4480133,165.9099579
,,151.0599213,172.0682983,153.1233521,,95.21005249,110.1238785,,132.0135345,177.088028,164.4377136
,,152.6765289,171.2056427,156.7451324,,98.3940506,109.9458847,,130.6834106,179.8189392,163.1388397
,,153.0236969,168.2971039,158.2699127,,98.69651031,110.2753372,,130.8588257,180.3904114,163.1180725
,,153.2198334,165.627182,158.785141,,101.8653564,112.6007156,,133.1829224,182.1210327,162.8624725
,,153.2172241,165.9885559,158.5089569,,97.53775024,115.1188583,,135.8145142,184.204895,158.8084717
,,147.4753723,165.2827148,162.3040466,,101.4467545,114.3405457,,130.3565063,182.2613373,157.425705
,,149.8390045,165.3340149,162.8905487,,101.2944107,117.0668411,,134.3132477,180.0834198,158.3026733
,,147.8955994,162.5278625,166.9870758,,103.8722382,118.8708572,,133.5231018,178.0728302,160.9210815
,,147.9842072,162.2019196,167.3429718,,104.0579376,119.1608276,,136.471405,175.3394165,160.8554688
,,147.559845,159.9050598,172.1536865,,104.2037735,121.4188004,,137.345871,175.479187,161.044693
,,149.7288055,160.6081848,174.7529907,,107.124115,124.727272,,137.7315216,173.3995972,160.5612946
,,152.23349,160.547287,179.2483826,,104.1834641,126.5617218,,140.2202454,173.8426361,163.8090515
,,154.2294922,160.5341797,182.6521759,,106.9674683,126.9829788,,138.1582642,171.6159515,168.5838623
,,156.193985,160.9764557,182.8742523,,107.713974,131.6819,,138.1704254,173.7672119,172.9509277
,,156.030014,160.7216492,182.6790009,,112.047554,134.2635803,,138.6125183,173.9965668,176.1367798
,,155.9666901,160.8250885,185.1675262,,116.7456284,133.5521698,,140.8734436,174.7481689,176.0659027
,,155.9302368,168.4414978,180.1702118,,119.612236,131.6096039,,141.2656708,174.1555939,178.622406
,,155.7144928,165.6420441,179.9746704,,123.5219116,128.7762909,,143.920639,172.0955658,177.9391479
,,155.489151,165.7604065,180.0471649,,129.4891815,130.4285889,,148.0487366,172.1729126,177.5470428
,,152.8927917,168.1802826,182.6579742,,132.9164124,130.2269287,,149.90448,171.9276276,174.2730865
,,155.773819,167.4745636,187.3467407,,132.7902527,130.1743469,,150.8597717,172.0240784,174.4936066
,,158.2353058,166.3390808,191.5708771,,138.1987762,128.3790741,,156.2599945,174.3947601,174.2677765
,,158.1068726,161.0286102,195.1665039,,140.5242157,128.1980133,,157.8088684,176.8691864,176.511795
,,157.7162933,160.8287964,197.5918274,,140.1635895,128.1025391,,159.9463654,176.7156219,173.1291351
,,157.3318176,160.6491852,201.8159485,,145.2039032,128.5694885,,156.4593048,177.2413025,172.9606934
,,159.9483337,158.6549988,,,148.8687744,128.5703888,,159.579834,177.901474,173.1520844
,,159.5661316,157.9455719,,,152.0045929,126.239006,,159.467041,175.2977295,170.3541107
,,161.2973022,159.1712341,,,153.1059875,124.4859314,,161.7727814,175.421524,173.9238586
,,161.2385559,159.0717163,,,152.9749451,121.4431534,,166.5702515,169.5275421,176.8925018
,,158.5678253,164.1056976,,,158.5558319,125.6692581,,169.0462341,167.1160431,176.9514008
,,158.3492432,169.2525635,,,158.5220642,124.1261139,,173.2543793,167.5324097,179.5229187
,,158.1023102,168.4878082,,,163.4402161,125.6003647,,174.7653198,165.3641357,179.4468231
,,155.0462341,169.0430603,,,164.7022095,128.0443573,,176.9101105,170.6353607,178.1189575
,,155.0340271,169.3382874,,,165.1243591,127.8776474,,177.9723206,164.7734222,178.3557739
,,152.6224365,166.3366089,,,164.2362976,131.5654144,,172.0901947,164.5002289,177.8880615
,,152.3740387,163.9621277,,,164.2836151,134.184494,,172.1543427,166.9645386,174.7121277
,,151.6527405,167.3547058,,,164.0604095,133.9264832,,176.2277374,166.8362885,182.3184204
,,152.0283966,167.9382172,,,166.3981018,137.1753387,,172.1992645,166.857193,182.3185425
,,146.1277313,168.3547668,,,165.7276764,137.4202728,,175.1680756,166.7063141,187.1916809
,,146.3218842,167.5691986,,,168.5868988,139.8470154,,175.4357758,166.3844604,186.6784821
,,143.6741486,167.2023773,,,171.5616913,136.0706177,,178.1538239,166.4763336,186.1177216
,,142.9882355,166.9936371,,,175.8771362,139.0305481,,178.8312683,169.7347565,186.2620392
,,142.5656891,167.1963501,,,173.0956573,142.019516,,176.0400696,170.0969391,186.132431
,,142.6292877,164.8480682,,,171.5044098,145.2866974,,183.2837067,169.8481293,188.7922974
,,143.0560913,162.0674591,,,171.4758301,149.304184,,180.2320404,169.7160645,188.827652
,,143.4159546,161.9550476,,,171.424881,153.4382172,,183.0125275,174.1716919,188.9150696
,,144.6460266,162.2040253,,,171.097702,155.337616,,180.0920715,173.7014465,191.6210175
,,150.2263184,162.4842224,,,174.0187073,155.5698395,,182.3285065,173.9145508,192.1678314
,,148.075592,165.1794586,,,170.9810486,159.7149963,,182.7244568,176.6957397,194.8915863
,,147.702774,165.0139923,,,170.4548798,159.2071228,,183.512558,176.5752411,194.5729675
,,147.8645325,165.5281219,,,166.6153259,163.3178711,,178.0615997,176.0653229,194.4067688
,,148.1502838,168.0956421,,,166.3983307,166.0440063,,177.3860016,176.2528992,194.4710693
,,147.7913055,168.1648865,,,171.9960175,166.8378143,,173.4554901,176.0702362,194.6173553
,,147.2258301,163.2314758,,,171.9762115,167.2581329,,169.3293762,176.0134583,195.1852722
,,146.8543243,163.0558777,,,172.0133057,166.9972534,,169.2047729,175.8118744,195.7166138
,,149.8908691,163.3160706,,,167.9001923,167.2117615,,170.4293976,176.2074127,200.6355438
,,149.5536804,162.9317932,,,168.299118,171.8101501,,170.4657898,183.3178253,
,,148.859314,163.2826691,,,168.3025208,172.1733398,,156.2688293,183.2194214,
,,148.5531616,163.5490265,,,165.1499329,170.1687317,,163.6625519,183.1990967,
,,148.6188812,162.9775391,,,165.4972382,172.6058807,,162.5168915,182.6208954,
,,148.3069458,163.6831512,,,165.330246,164.0637817,,165.0083771,182.7610931,
,,148.6845551,163.2952576,,,165.0167542,164.2378693,,161.3568878,183.1825867,
,,148.037262,161.0628662,,,166.4468994,164.8499756,,158.5831909,183.4408722,
,,151.2666473,161.1412659,,,166.5577393,165.016983,,158.6332397,180.885376,
,,156.1179657,163.6702881,,,169.6881104,165.1366577,,158.0986176,180.947113,
,,158.8645325,163.6554413,,,168.8123779,164.7450562,,153.7737579,177.0232086,
,,158.9076843,163.5236053,,,169.4934082,162.7813873,,148.8422241,179.8910217,
,,158.6945953,163.2939606,,,168.9670563,163.1897125,,148.9232635,179.5086975,
,,158.8020325,163.3734894,,,169.3839111,163.0574188,,148.9860535,182.0504761,
,,157.3733673,164.2761078,,,170.5476227,165.9188995,,148.5948181,182.4416351,
,,158.563385,164.6997986,,,174.8792114,165.754364,,143.4430847,182.7394867,
,,158.3052521,164.693161,,,172.8149261,166.0769043,,151.8402252,183.1655731,
,,158.0670166,164.2211456,,,170.9725189,168.0050201,,152.2945099,183.0371552,
,,158.0864563,166.232193,,,170.989563,165.6696777,,151.5367889,183.2401428,
,,157.7032776,168.6928864,,,170.3961639,165.9345398,,155.727829,183.5728149,
,,157.6238403,168.7909851,,,164.8469086,169.5624084,,158.2716064,184.0607147,
,,155.0042419,172.0505676,,,165.480484,172.3286285,,158.4811859,183.7798004,
,,157.0667725,175.3679047,,,165.4270172,171.9504547,,158.5625916,183.5596313,
,,156.7312164,175.9925385,,,163.8675079,174.7167206,,158.5416412,180.8415527,
,,157.8881226,176.7295685,,,164.6490021,175.075119,,157.8494263,184.0287933,
,,160.8944244,176.2142944,,,162.1889496,175.4167023,,158.1257935,183.8615112,
,,161.7939148,177.8201904,,,162.0769958,178.3328247,,158.0236969,184.2213135,
,,166.51297,177.9874115,,,162.2692413,178.6998138,,157.960968,180.2236786,
,,169.4285126,177.3698425,,,162.8181305,181.7057953,,157.6120453,174.5494385,
,,172.0608978,179.4365845,,,158.6660767,185.3682861,,157.8514404,173.5708466,
,,175.1507416,182.6210938,,,159.420639,189.729538,,157.7750549,170.0305023,
,,182.1430206,185.2510834,,,159.1230621,189.9568176,,152.1846161,172.0973053,
,,182.7524109,186.2420654,,,159.7379608,190.5884094,,147.2650757,172.0753479,
,,185.3592072,186.5550385,,,159.7965546,190.781189,,147.499527,171.9177856,
,,191.2893066,189.3593903,,,162.187851,190.7151947,,148.3601532,171.9466858,
,,191.2996979,187.1203461,,,161.3532257,192.0302277,,144.5219879,176.6283875,
,,191.4290466,183.141983,,,160.3894043,192.2464447,,140.0485992,178.7219543,
,,191.6725159,184.7169952,,,160.5935059,192.1794891,,140.3663483,185.3411255,
,,191.6033325,184.9736938,,,160.8870697,195.7411041,,145.7337189,183.2476501,
,,191.463501,180.9431915,,,158.6725006,195.5486755,,145.4434357,183.0188446,
,,191.4649658,180.44664,,,156.3801422,199.0614929,,148.8243103,183.0002136,
,,193.0270386,180.8071442,,,152.5320282,198.9337463,,148.3327026,182.9137726,
,,194.4804688,180.9235382,,,153.0557098,200.8416901,,148.2954559,183.3089294,
,,197.5792389,183.7641907,,,152.974762,,,145.4632568,183.1349945,
,,199.883667,186.6071167,,,153.9825592,,,145.348053,183.4884338,
,,197.4822388,187.0331421,,,151.2737274,,,145.4562378,183.6264191,
,,196.032608,187.547226,,,148.9664307,,,145.0783081,183.0993958,
,,195.4809265,190.3053894,,,148.3177185,,,144.4597473,182.4448395,
,,197.5197906,193.0604095,,,144.9145355,,,141.3179321,181.4394989,
,,197.3537445,191.849884,,,152.9789429,,,141.15448,181.1311035,
,,202.8036957,192.2752838,,,152.9136047,,,141.3110046,183.3858337,
,,,192.9260559,,,153.2890625,,,141.4981079,185.2389221,
,,,195.7030029,,,153.4434357,,,136.7019501,187.7646179,
,,,196.2763824,,,153.2358856,,,136.4241028,189.692749,
,,,198.2726593,,,149.2172852,,,133.5877838,189.6186676,
,,,195.6509857,,,146.5036774,,,134.4051208,191.4352875,
,,,195.5658264,,,146.8109436,,,134.6665192,191.0469208,
,,,195.8871613,,,145.1712494,,,134.3679352,193.5696106,
,,,195.8756866,,,142.4671936,,,134.6213837,193.6338348,
,,,195.841507,,,142.2683258,,,134.4978638,193.4972992,
,,,196.099823,,,142.9814911,,,133.94664,193.0051422,
,,,195.8658447,,,143.4555664,,,131.3963013,193.6337738,
,,,199.1667633,,,140.3966064,,,131.6157532,190.3610229,
,,,198.9492798,,,139.4116364,,,128.9018402,190.0033722,
,,,198.9407196,,,139.8493958,,,132.0496826,190.5814667,
,,,201.8633728,,,137.552536,,,132.5928955,190.7561951,
,,,,,,136.6360474,,,135.8331299,190.9367371,
,,,,,,134.6426086,,,136.5498962,190.8997955,
,,,,,,134.978653,,,136.5993958,190.9207916,
,,,,,,133.6224976,,,132.4030304,191.0780029,
,,,,,,133.6895905,,,136.1091614,190.9450989,
,,,,,,134.1565399,,,131.3339539,188.2427216,
,,,,,,134.5720215,,,134.2095032,188.5479279,
,,,,,,134.1791534,,,128.2095947,194.8028107,
,,,,,,132.6572418,,,127.1675186,193.192627,
,,,,,,129.8851776,,,124.3152084,193.4874115,
,,,,,,127.0255585,,,127.3239822,196.135025,
,,,,,,129.4721375,,,126.822197,196.3102875,
,,,,,,130.4907532,,,126.754425,202.4470978,
,,,,,,132.6925812,,,121.5023727,,
,,,,,,136.4418793,,,117.016037,,
,,,,,,137.1907654,,,122.7272797,,
,,,,,,137.3078918,,,119.7503433,,
,,,,,,139.996521,,,120.8251038,,
,,,,,,137.6412048,,,124.9557648,,
,,,,,,135.6689758,,,124.6876984,,
,,,,,,134.8579102,,,122.2373276,,
,,,,,,132.0674744,,,119.1499634,,
,,,,,,131.1078644,,,116.8104477,,
,,,,,,130.4141083,,,121.4684219,,
,,,,,,129.9125519,,,124.8977966,,
,,,,,,132.9390411,,,122.860054,,
,,,,,,132.2245789,,,122.9586639,,
,,,,,,132.9596558,,,124.0108109,,
,,,,,,133.3243103,,,127.1643448,,
,,,,,,134.5063782,,,130.6171417,,
,,,,,,134.8023834,,,129.7452698,,
,,,,,,131.755127,,,129.7551117,,
,,,,,,131.810791,,,130.0835876,,
,,,,,,131.9795074,,,132.3213348,,
,,,,,,136.1632233,,,129.8078461,,
,,,,,,136.5827637,,,129.8457947,,
,,,,,,137.023819,,,125.0453491,,
,,,,,,140.4351959,,,125.2224197,,
,,,,,,140.557373,,,129.6347656,,
,,,,,,140.7967224,,,129.5647278,,
,,,,,,141.1147919,,,129.2414703,,
,,,,,,138.3244629,,,126.8239441,,
,,,,,,138.0646667,,,123.0645599,,
,,,,,,135.6793671,,,123.8563385,,
,,,,,,136.1405334,,,124.0590515,,
,,,,,,134.1099854,,,124.2970963,,
,,,,,,134.3692627,,,124.1601105,,
,,,,,,134.2855682,,,124.1631012,,
,,,,,,134.4693298,,,122.48452,,
,,,,,,134.1544495,,,117.948494,,
,,,,,,137.0469818,,,118.0765457,,
,,,,,,139.0954132,,,112.634079,,
,,,,,,139.6649323,,,110.3702774,,
,,,,,,140.4420319,,,107.5794525,,
,,,,,,146.611969,,,111.006134,,
,,,,,,147.0761108,,,115.8099213,,
,,,,,,146.9154205,,,116.0035706,,
,,,,,,151.293335,,,118.7054977,,
,,,,,,151.0924377,,,118.8460464,,
,,,,,,151.4717255,,,118.7624283,,
,,,,,,151.7214661,,,122.3584518,,
,,,,,,151.5383911,,,126.4750977,,
,,,,,,151.1578827,,,127.2240829,,
,,,,,,155.5731812,,,127.9146347,,
,,,,,,153.0777283,,,127.9441299,,
,,,,,,153.5764313,,,125.7149124,,
,,,,,,150.4210815,,,128.6126404,,
,,,,,,148.6197205,,,128.8248901,,
,,,,,,148.598999,,,126.5553284,,
,,,,,,151.3207092,,,124.7193222,,
,,,,,,152.0720825,,,125.01017,,
,,,,,,150.00383,,,122.8519287,,
,,,,,,149.457077,,,122.3438034,,
,,,,,,149.8162842,,,121.5209427,,
,,,,,,151.0547333,,,121.2638626,,
,,,,,,154.5930939,,,118.7486801,,
,,,,,,151.3464966,,,123.5228348,,
,,,,,,152.0705261,,,121.0735321,,
,,,,,,152.3755188,,,123.6518402,,
,,,,,,155.2023163,,,123.73452,,
,,,,,,158.1735382,,,122.6846008,,
,,,,,,158.4668274,,,122.7399063,,
,,,,,,157.9701385,,,123.3231812,,
,,,,,,158.4072571,,,123.6612473,,
,,,,,,158.8530731,,,121.5241776,,
,,,,,,158.9379272,,,121.6083832,,
,,,,,,158.4634094,,,124.8623886,,
,,,,,,158.9116058,,,124.885498,,
,,,,,,163.5027161,,,125.0148468,,
,,,,,,166.502655,,,122.5584335,,
,,,,,,160.3350067,,,123.9182281,,
,,,,,,156.4213104,,,123.8173294,,
,,,,,,158.8568115,,,128.1602478,,
,,,,,,158.9374237,,,128.4368896,,
,,,,,,158.727478,,,125.5456772,,
,,,,,,158.6158142,,,125.9142075,,
,,,,,,155.7026215,,,127.7725601,,
,,,,,,151.6760254,,,127.8110275,,
,,,,,,144.930603,,,124.4655685,,
,,,,,,146.9453888,,,119.8918839,,
,,,,,,144.744812,,,122.4844666,,
,,,,,,147.0710144,,,129.9658508,,
,,,,,,144.5489197,,,130.1114655,,
,,,,,,139.9673462,,,130.8294373,,
,,,,,,139.9340668,,,130.7506409,,
,,,,,,137.5838013,,,135.6729736,,
,,,,,,132.5079346,,,137.4286346,,
,,,,,,129.2752228,,,133.8247223,,
,,,,,,125.2546158,,,133.9637146,,
,,,,,,127.8794708,,,133.319397,,
,,,,,,130.2144012,,,133.5466156,,
,,,,,,130.1474152,,,128.7679443,,
,,,,,,129.070755,,,135.0644073,,
,,,,,,129.1215057,,,138.0635071,,
,,,,,,128.7409821,,,142.8403625,,
,,,,,,128.5818024,,,142.7032013,,
,,,,,,125.6605835,,,138.6925964,,
,,,,,,128.7675323,,,143.5273895,,
,,,,,,131.3125458,,,142.6667938,,
,,,,,,131.7585602,,,142.6269684,,
,,,,,,132.4915009,,,142.6262512,,
,,,,,,135.8240204,,,142.9914551,,
,,,,,,138.8227539,,,144.4921875,,
,,,,,,139.5255585,,,144.6432953,,
,,,,,,139.8781281,,,144.5264282,,
,,,,,,139.7955017,,,149.0978394,,
,,,,,,134.9033661,,,149.2247009,,
,,,,,,137.8364868,,,151.8433685,,
,,,,,,138.0894012,,,149.4454346,,
,,,,,,141.3418274,,,154.4031219,,
,,,,,,138.1802673,,,149.9935455,,
,,,,,,136.3521118,,,150.1230927,,
,,,,,,136.4161682,,,150.0973358,,
,,,,,,130.553894,,,146.7110291,,
,,,,,,130.3235474,,,147.0337982,,
,,,,,,126.9158707,,,150.040741,,
,,,,,,127.3809586,,,154.2072906,,
,,,,,,127.0398865,,,148.7522125,,
,,,,,,127.3855591,,,148.7502441,,
,,,,,,121.3892365,,,144.8712921,,
,,,,,,121.2851563,,,144.9016418,,
,,,,,,119.9230804,,,151.345932,,
,,,,,,119.413826,,,151.0664063,,
,,,,,,122.2561722,,,152.8219757,,
,,,,,,118.5765762,,,150.1461334,,
,,,,,,121.2449951,,,152.0938416,,
,,,,,,121.6263657,,,149.676239,,
,,,,,,120.0062332,,,149.8388824,,
,,,,,,119.7668839,,,149.2379608,,
,,,,,,109.8297272,,,147.9241333,,
,,,,,,109.6395111,,,144.9107361,,
,,,,,,110.0024109,,,143.6618195,,
,,,,,,109.0958939,,,143.730484,,
,,,,,,109.0417175,,,143.2651825,,
,,,,,,106.1165848,,,137.8829651,,
,,,,,,108.1463318,,,133.8877106,,
,,,,,,108.7488708,,,131.2418365,,
,,,,,,109.5955124,,,126.8578339,,
,,,,,,109.7252808,,,126.6717911,,
,,,,,,111.9143219,,,126.2737198,,
,,,,,,112.2229919,,,128.2149048,,
,,,,,,112.661293,,,127.9357376,,
,,,,,,113.1781311,,,130.4296722,,
,,,,,,112.9813995,,,128.1781311,,
,,,,,,115.41436,,,124.8369522,,
,,,,,,115.7548599,,,127.1157684,,
,,,,,,119.0691299,,,126.6071548,,
,,,,,,121.017746,,,129.329361,,
,,,,,,115.2982101,,,123.3059082,,
,,,,,,115.6085968,,,123.2325363,,
,,,,,,117.5159378,,,119.1599197,,
,,,,,,119.5698318,,,119.7603455,,
,,,,,,120.5330734,,,119.2474747,,
,,,,,,120.2446823,,,118.6790695,,
,,,,,,121.4339828,,,118.9593048,,
,,,,,,122.3066711,,,120.8877106,,
,,,,,,122.9234238,,,116.6826706,,
,,,,,,120.0765076,,,112.9907303,,
,,,,,,120.2131348,,,108.4765244,,
,,,,,,117.5445633,,,104.3029938,,
,,,,,,118.0323486,,,104.4554291,,
,,,,,,115.5627441,,,103.8623657,,
,,,,,,119.1380386,,,103.7664032,,
,,,,,,116.7477036,,,103.6461868,,
,,,,,,114.2867889,,,103.6291885,,
,,,,,,114.3905106,,,106.3156128,,
,,,,,,115.3446274,,,99.05752563,,
,,,,,,113.1328506,,,99.10722351,,
,,,,,,110.4395142,,,95.07849884,,
,,,,,,107.9280167,,,90.58692932,,
,,,,,,113.8995056,,,93.84786987,,
,,,,,,119.7849655,,,97.49723053,,
,,,,,,120.2833405,,,88.69819641,,
,,,,,,119.8555756,,,85.77514648,,
,,,,,,120.1022034,,,85.80833435,,
,,,,,,120.1240692,,,85.85229492,,
,,,,,,122.7433395,,,86.12734985,,
,,,,,,127.0126114,,,81.92733765,,
,,,,,,128.8309631,,,83.12644958,,
,,,,,,128.1469727,,,86.32763672,,
,,,,,,131.335434,,,89.40856171,,
,,,,,,130.7610931,,,87.10752106,,
,,,,,,133.0551758,,,87.11039734,,
,,,,,,138.6589203,,,85.27895355,,
,,,,,,138.63797,,,84.81574249,,
,,,,,,140.360672,,,82.35083771,,
,,,,,,142.4152832,,,82.07387543,,
,,,,,,146.3613586,,,86.35381317,,
,,,,,,152.3524933,,,84.02597046,,
,,,,,,151.9120636,,,83.74005127,,
,,,,,,152.113205,,,83.30644226,,
,,,,,,152.1411896,,,78.08711243,,
,,,,,,154.5341797,,,80.29014587,,
,,,,,,154.7252197,,,79.98951721,,
,,,,,,154.925766,,,80.37062073,,
,,,,,,155.0291901,,,80.29537964,,
,,,,,,160.2076416,,,75.43976593,,
,,,,,,159.7548981,,,79.89279175,,
,,,,,,159.4157257,,,77.50260162,,
,,,,,,161.7258911,,,82.17579651,,
,,,,,,162.0334473,,,82.18241882,,
,,,,,,164.0292511,,,80.11457825,,
,,,,,,163.5791626,,,81.17472076,,
,,,,,,163.6724701,,,78.8028183,,
,,,,,,163.3253174,,,78.40938568,,
,,,,,,162.9615173,,,83.6468277,,
,,,,,,168.4746399,,,81.59037018,,
,,,,,,168.2538147,,,79.15423584,,
,,,,,,168.3785858,,,74.87698364,,
,,,,,,168.1858673,,,72.44069672,,
,,,,,,171.4417267,,,70.04649353,,
,,,,,,175.3645477,,,62.57754898,,
,,,,,,174.2645721,,,67.48339844,,
,,,,,,180.07164,,,64.73947144,,
,,,,,,179.9446564,,,67.27680969,,
,,,,,,183.0279388,,,61.8568573,,
,,,,,,181.8955994,,,62.30153656,,
,,,,,,182.2179413,,,66.26251221,,
,,,,,,181.8184814,,,69.30657196,,
,,,,,,178.7653656,,,70.4692688,,
,,,,,,177.6329041,,,66.95967102,,
,,,,,,181.6035919,,,67.05399323,,
,,,,,,182.257782,,,67.67810059,,
,,,,,,182.1768341,,,68.36844635,,
,,,,,,186.709671,,,73.66458893,,
,,,,,,181.5783081,,,72.65155792,,
,,,,,,181.6780548,,,75.1809845,,
,,,,,,182.6796875,,,77.65302277,,
,,,,,,182.752243,,,72.91600037,,
,,,,,,192.2900543,,,72.32003784,,
,,,,,,192.3980255,,,76.59784698,,
,,,,,,192.0134125,,,76.65231323,,
,,,,,,185.0422516,,,76.21337891,,
,,,,,,179.6217651,,,74.88690948,,
,,,,,,179.434433,,,68.66183472,,
,,,,,,179.5183105,,,62.62815475,,
,,,,,,178.5713654,,,62.36444473,,
,,,,,,178.7926025,,,61.33112717,,
,,,,,,176.0690155,,,55.30251694,,
,,,,,,168.5261688,,,59.11506271,,
,,,,,,163.0982361,,,57.13890076,,
,,,,,,157.4796448,,,57.35106277,,
,,,,,,155.034729,,,57.35810852,,
,,,,,,154.9134521,,,57.01751709,,
,,,,,,155.0963745,,,56.5862999,,
,,,,,,154.3733215,,,57.9329567,,
,,,,,,151.0127411,,,57.32469559,,
,,,,,,151.3946075,,,59.24797058,,
,,,,,,153.9953918,,,59.63749313,,
,,,,,,150.3459778,,,61.22053528,,
,,,,,,146.4251099,,,63.09687424,,
,,,,,,139.7846527,,,62.82602692,,
,,,,,,129.9178314,,,62.67847443,,
,,,,,,132.8575439,,,58.54423904,,
,,,,,,132.6590576,,,63.03897476,,
,,,,,,132.2587585,,,51.62976837,,
,,,,,,134.9193268,,,60.66290283,,
,,,,,,137.4233398,,,59.86613464,,
,,,,,,137.1821136,,,64.4548111,,
,,,,,,136.0934448,,,68.96201324,,
,,,,,,132.6820374,,,68.92219543,,
,,,,,,135.0052795,,,68.74467468,,
,,,,,,135.1785583,,,65.63363647,,
,,,,,,137.5901489,,,72.67601013,,
,,,,,,140.0805969,,,74.9768219,,
,,,,,,139.7992249,,,75.09872437,,
,,,,,,139.6108856,,,77.7297287,,
,,,,,,142.0085754,,,77.68469238,,
,,,,,,141.7369537,,,84.19502258,,
,,,,,,144.344162,,,81.61467743,,
,,,,,,144.0376282,,,81.60521698,,
,,,,,,144.32901,,,81.85997772,,
,,,,,,141.4235229,,,79.12979889,,
,,,,,,139.5431976,,,80.2648468,,
,,,,,,139.0149994,,,80.10939026,,
,,,,,,130.7940826,,,80.23982239,,
,,,,,,133.7372742,,,74.94377136,,
,,,,,,134.4540253,,,79.96855927,,
,,,,,,139.187439,,,77.44387054,,
,,,,,,140.1014099,,,77.68093872,,
,,,,,,139.5113068,,,75.04222107,,
,,,,,,140.2764893,,,72.19335938,,
,,,,,,140.3155518,,,74.50685883,,
,,,,,,140.1592865,,,74.24451447,,
,,,,,,140.3143921,,,72.24465179,,
,,,,,,140.9401245,,,74.73133087,,
,,,,,,141.0186005,,,74.66487885,,
,,,,,,141.3539734,,,74.42199707,,
,,,,,,141.745285,,,73.29289246,,
,,,,,,138.7362366,,,75.46948242,,
,,,,,,136.7476349,,,77.55413055,,
,,,,,,136.4579773,,,77.4532547,,
,,,,,,136.477417,,,77.55891418,,
,,,,,,136.519516,,,72.53535461,,
,,,,,,130.7090759,,,75.80562592,,
,,,,,,130.6077118,,,72.16477966,,
,,,,,,131.1784515,,,74.49973297,,
,,,,,,131.2885437,,,73.99636078,,
,,,,,,131.4080811,,,76.35366821,,
,,,,,,130.941864,,,79.13056183,,
,,,,,,130.4195099,,,79.1277771,,
,,,,,,130.1617737,,,79.17212677,,
,,,,,,129.8406219,,,78.92176056,,
,,,,,,130.0738983,,,78.40015411,,
,,,,,,129.9928284,,,81.12123871,,
,,,,,,130.2598724,,,86.93275452,,
,,,,,,129.8465271,,,87.1540451,,
,,,,,,129.6456909,,,86.99419403,,
,,,,,,129.3503265,,,86.90707397,,
,,,,,,129.3126068,,,91.1309967,,
,,,,,,129.4130554,,,90.72669983,,
,,,,,,129.733139,,,89.80965424,,
,,,,,,128.1643372,,,94.6681366,,
,,,,,,128.3505859,,,95.26238251,,
,,,,,,128.994751,,,95.04138947,,
,,,,,,128.7253265,,,93.25603485,,
,,,,,,126.929718,,,93.91902924,,
,,,,,,126.8260269,,,94.30548859,,
,,,,,,124.3169327,,,91.29452515,,
,,,,,,133.2677612,,,92.03092957,,
,,,,,,126.6295471,,,97.55027771,,
,,,,,,126.6241837,,,97.14331055,,
,,,,,,126.3948135,,,102.4891281,,
,,,,,,126.2995987,,,102.3581467,,
,,,,,,126.2933044,,,107.3464203,,
,,,,,,128.075058,,,111.014061,,
,,,,,,128.4394989,,,111.3150711,,
,,,,,,125.3473053,,,118.1046219,,
,,,,,,125.2988892,,,123.462738,,
,,,,,,125.942276,,,124.0733337,,
,,,,,,126.0708694,,,129.714859,,
,,,,,,126.0947876,,,129.3663177,,
,,,,,,134.1564178,,,129.2334137,,
,,,,,,139.8353271,,,127.0453949,,
,,,,,,143.4944153,,,130.5396271,,
,,,,,,143.2665558,,,133.5943909,,
,,,,,,144.0965729,,,136.9192505,,
,,,,,,143.818924,,,140.5010223,,
,,,,,,146.7110748,,,144.3157806,,
,,,,,,154.1456451,,,144.5072632,,
,,,,,,155.3186646,,,141.9103088,,
,,,,,,160.8833771,,,143.7984467,,
,,,,,,163.1280975,,,143.6874084,,
,,,,,,163.8169403,,,149.2055206,,
,,,,,,163.5253906,,,164.5001678,,
,,,,,,164.1000061,,,164.5977783,,
,,,,,,167.285202,,,165.4763641,,
,,,,,,167.1911316,,,165.8200378,,
,,,,,,170.6030579,,,165.4609833,,
,,,,,,174.6504364,,,168.2443848,,
,,,,,,177.4332428,,,168.3829041,,
,,,,,,183.7754822,,,171.509552,,
,,,,,,193.3983917,,,171.394043,,
,,,,,,188.7849884,,,171.4594116,,
,,,,,,189.0449982,,,171.4697876,,
,,,,,,189.7871246,,,171.7193146,,
,,,,,,190.1921234,,,172.0008545,,
,,,,,,190.2940521,,,171.6738281,,
,,,,,,190.8443756,,,171.6162872,,
,,,,,,192.0285645,,,174.22966,,
,,,,,,195.1854401,,,173.9044495,,
,,,,,,195.5188751,,,176.7568817,,
,,,,,,195.3055725,,,179.6614532,,
,,,,,,195.3277283,,,181.8801117,,
,,,,,,192.6542053,,,181.7625427,,
,,,,,,192.6817627,,,181.7871094,,
,,,,,,192.743103,,,187.3981018,,
,,,,,,192.8716431,,,187.3041534,,
,,,,,,195.5874481,,,189.9623413,,
,,,,,,196.097641,,,189.6057129,,
,,,,,,198.9920502,,,192.2722626,,
,,,,,,198.9004211,,,185.9398804,,
,,,,,,199.1738281,,,180.2833099,,
,,,,,,201.3844299,,,180.563385,,
,,,,,,,,,182.7517853,,
,,,,,,,,,182.3921661,,
,,,,,,,,,182.7746887,,
,,,,,,,,,183.1618805,,
,,,,,,,,,187.0011292,,
,,,,,,,,,186.8932648,,
,,,,,,,,,186.6291046,,
,,,,,,,,,186.8452911,,
,,,,,,,,,191.692749,,
,,,,,,,,,191.5591278,,
,,,,,,,,,198.1448822,,
,,,,,,,,,198.5085907,,
,,,,,,,,,203.2037048,,
