LR_00025_Run_1,LR_00025_Run_2,LR_00025_Run_3,LR_0005_Run_1,LR_0005_Run_2,LR_0005_Run_3,LR_00075_Run_1,LR_00075_Run_2,LR_00075_Run_3,LR_001_Run_1,LR_001_Run_2,LR_001_Run_3
0,0,0,0,0,0,0,0,0,0,0,0
-94.49308014,-186.0913696,-50.62157059,-40.22055435,-229.7738647,-119.8881149,-25.29061317,-48.41300201,-50.56142044,-90.55632782,-49.42996597,-59.73678207
-109.4893494,-182.6160278,-77.44845581,-123.0602112,-194.4619751,-146.1743622,-66.96663666,-87.18601227,-66.33777618,-90.9855423,-96.50765228,-143.4937286
-168.0884247,-230.3346252,-53.91090393,-103.4642487,-251.7847443,-137.0254059,-79.68826294,-81.74452972,-96.6042099,-134.3805695,-178.0089569,-133.0315094
-160.5747223,-277.928009,-65.44358063,-104.2954636,-220.3244934,-163.954483,-112.2567749,-105.4467087,-96.84615326,-137.4227142,-182.3283386,-128.5343933
-192.0643768,-256.3117676,-68.72930908,-143.1157532,-200.0401154,-174.7766876,-110.9136581,-94.63437653,-128.1696167,-124.1498947,-174.3409882,-117.3864136
-198.1993256,-258.7224731,-80.32515717,-178.4749451,-248.2421265,-164.691803,-106.7977371,-119.096489,-131.4229736,-132.4331055,-174.8388672,-113.2099762
-198.4208527,-209.082428,-129.6792145,-173.8468018,-232.4640656,-193.605957,-121.3119736,-112.9936142,-129.6401367,-144.6351013,-167.4116974,-148.6711731
-220.1336975,-233.8744659,-106.5596619,-165.5349426,-223.4090118,-198.030014,-127.2513199,-122.3267593,-123.9502869,-141.9862366,-185.4143829,-136.9298096
-202.2240601,-224.2076721,-114.5469513,-170.9854889,-210.8860931,-197.2768097,-125.4834061,-151.0419159,-120.928154,-147.0209808,-189.0672607,-148.7378082
-195.7335815,-198.7261505,-131.316864,-171.2646637,-212.6231079,-187.7991791,-124.5761719,-145.0576019,-145.9197998,-159.3914185,-179.7582703,-144.609848
-203.700882,-189.2998199,-130.761734,-163.7267303,-199.2190247,-188.2665405,-150.3065491,-160.4841156,-136.3417511,-155.142746,-175.367569,-144.4526367
-200.2019958,-182.2211609,-132.1260223,-156.0455627,-190.7459106,-177.4025116,-147.803009,-154.7461853,-130.2640839,-162.4474487,-187.7363281,-149.7955475
-192.1943665,-177.7361298,-130.3041229,-151.4739685,-185.132309,-182.9257965,-144.2170868,-152.1875,-150.9836578,-161.0353088,-177.8446198,-149.0860138
-187.9961853,-172.4672089,-132.1704254,-155.8770294,-194.576889,-177.552887,-148.8075104,-140.9227142,-144.0695648,-173.8314972,-177.5997314,-152.4662476
-178.5735626,-166.8786316,-142.6449585,-162.3402557,-188.1587219,-170.5539551,-139.4599609,-137.1257477,-170.7978821,-187.2710876,-173.6250916,-151.915863
-179.1495667,-165.3878632,-152.2673798,-167.7509918,-195.1087646,-167.1779785,-134.960495,-133.5195313,-166.8511353,-182.4272919,-169.6516266,-153.8209686
-181.3397369,-164.1336212,-163.4217834,-168.3844147,-200.6177368,-166.2633362,-133.1401672,-132.3217316,-166.9176178,-179.7614594,-170.8107452,-159.6992645
-191.8278046,-160.8855591,-159.3088379,-168.7452393,-199.526123,-155.3431091,-133.0774841,-125.9651184,-159.6248169,-175.7761383,-174.2181854,-162.4901581
-189.2669678,-165.868576,-156.5990143,-163.8525085,-201.725296,-156.4367676,-139.5688019,-127.6950684,-156.7361908,-173.9044189,-169.4592896,-162.6911926
-187.0392609,-167.0612488,-170.4618378,-161.8499603,-201.9450073,-146.6532135,-138.6685486,-125.8560791,-156.0411224,-168.9215698,-166.9378662,-160.2696381
-182.0421295,-164.5019836,-171.6139984,-166.5300446,-199.1561584,-148.4266052,-142.9255219,-138.9686432,-162.7093201,-171.1438599,-162.7718964,-160.5897522
-179.1929626,-171.7925873,-175.7922974,-164.2208099,-192.5063629,-149.2017822,-139.6390533,-136.8664551,-163.02771,-168.6824341,-160.6021423,-160.9740448
-176.2417297,-179.6736908,-181.3834534,-164.3779449,-188.6755066,-153.2091827,-138.5756073,-138.4603577,-158.8178101,-166.146759,-157.6843719,-158.3051758
-171.5830383,-191.3605194,-180.7432556,-161.4754639,-186.0941162,-151.9529266,-142.4822998,-136.697876,-162.567276,-165.6430817,-154.3834534,-160.0033875
-168.9973602,-188.4838562,-177.9383698,-155.0065765,-183.293869,-150.7319336,-141.9329224,-133.7139282,-162.5958557,-162.483902,-160.2742462,-160.1868134
-165.3697357,-185.1802673,-176.8231812,-155.2131653,-184.7989044,-152.0070801,-140.916748,-132.3452301,-168.499176,-162.8682098,-158.2410126,-159.0982513
-168.7286377,-183.1009827,-176.5686798,-152.126236,-180.5448151,-154.6548309,-139.3587341,-131.4403229,-167.1612549,-159.8805695,-160.7488403,-156.5858765
-166.9813538,-180.7203064,-175.2086334,-156.4634247,-183.6873169,-154.584259,-136.1287689,-129.1708832,-163.5903778,-158.2402802,-163.0888824,-154.0449371
-164.1714325,-179.7580872,-179.6257935,-166.2467041,-182.2148132,-151.8885345,-135.1056671,-129.8657379,-163.9569092,-153.6421204,-161.070282,-152.1597595
-165.7255249,-176.6639252,-182.8332367,-164.9732056,-179.0885925,-151.4130096,-139.2416687,-129.9320831,-160.7696533,-151.0626831,-162.665451,-148.650116
-170.1235352,-174.4208832,-185.4836884,-171.66716,-177.2902222,-148.1672211,-134.5088959,-128.9237518,-158.4989929,-147.3056183,-162.6937866,-146.9803162
-171.4274292,-175.7906952,-181.5561523,-172.4289398,-174.7249756,-148.4467926,-132.1349487,-133.1015015,-157.0009613,-146.7577209,-161.7041168,-146.7603455
-173.0458984,-173.6259918,-182.8404236,-169.9943085,-179.5560455,-151.3571625,-129.3278961,-138.7138824,-151.9308777,-142.4965668,-159.9201202,-145.2170258
-175.2907562,-172.7609863,-185.524826,-174.6714478,-178.038208,-150.3665466,-129.5011139,-137.4946136,-151.651535,-142.9013672,-160.1969757,-143.6834869
-175.3852692,-182.3197632,-185.023819,-172.7921448,-174.3298645,-148.6418152,-128.526535,-137.1613464,-149.9211578,-141.6855164,-159.3201294,-142.4331818
-174.5957031,-181.5552521,-187.3261261,-177.4628448,-172.6266785,-148.476944,-125.0534515,-135.2281799,-148.4311523,-140.5661163,-156.6073456,-141.7229462
-171.6117554,-179.973877,-185.9546814,-175.259491,-171.4574585,-147.717514,-127.114357,-132.3702698,-147.1821289,-141.8967133,-155.9396667,-141.3199615
-171.55867,-179.6559906,-183.2418823,-172.0796509,-169.6636047,-146.8476715,-127.2477798,-134.3273621,-149.0902557,-139.1130219,-153.2892761,-145.0474548
-173.7114868,-177.4780731,-185.7325745,-170.1503601,-168.6285248,-145.0582886,-125.7181625,-134.4188995,-147.0573883,-136.8548126,-154.009079,-143.5527954
-171.6598206,-180.1074524,-180.3977356,-172.5388184,-164.4358368,-143.1071472,-124.719101,-136.7567596,-147.5548248,-136.4870911,-158.7235718,-141.2486267
-172.5610657,-176.3391876,-183.2152863,-170.7254639,-163.7637024,-141.8430786,-122.8258209,-138.9345093,-151.7592163,-135.7264099,-161.421051,-141.166275
-170.3336182,-176.6959686,-185.6684875,-168.2884674,-160.9768219,-140.3783875,-122.608757,-137.975174,-149.4469147,-136.3188782,-161.1727295,-146.6412354
-169.2583923,-175.5550385,-190.2026672,-166.5953217,-158.5318146,-136.6596527,-121.2604904,-136.7395477,-150.7739868,-136.2743988,-159.5361938,-147.9467468
-167.1971893,-173.3801117,-188.6663971,-164.890976,-157.5174103,-137.2627563,-123.3921967,-137.5672455,-148.8170013,-134.5954132,-157.7727509,-149.9291992
-167.8303375,-176.211853,-187.9433136,-164.3805542,-156.1607666,-139.1869354,-121.8843842,-136.4089813,-147.628891,-133.9792786,-155.7014771,-147.7896271
-166.777359,-173.669632,-192.219101,-162.9663696,-155.4025879,-138.1193085,-122.5908127,-137.820755,-145.9713898,-133.1516876,-153.2801208,-145.5063782
-165.0515289,-172.4659424,-191.0771942,-161.2219849,-154.2586517,-136.3298645,-123.0081558,-138.3322144,-143.7995758,-131.7297058,-150.8911591,-144.159668
-166.3755646,-170.6174316,-189.6752319,-161.4169464,-156.0748138,-136.5012512,-121.5064926,-138.2690887,-142.3366241,-130.2129364,-150.1904297,-142.8239288
-165.0381927,-168.9748688,-185.6770782,-166.2000427,-154.3814392,-136.6927185,-120.2452469,-136.1482239,-140.9230347,-128.6941223,-149.7797852,-141.3031158
-162.5428467,-167.2992096,-183.6504059,-164.2914886,-152.6736603,-136.941925,-119.4702301,-135.1459961,-140.4303741,-126.3516693,-149.0762939,-140.4878387
-158.7383118,-165.8000641,-181.9772034,-161.8153381,-150.3377228,-138.9731598,-119.5102615,-133.4477539,-138.886734,-126.1179504,-148.1294861,-138.9299011
-161.2837067,-164.5809326,-183.2201385,-159.8771973,-149.0626526,-138.2828064,-119.4244461,-132.8271484,-138.1023407,-126.0901337,-146.5288696,-138.2932892
-160.6655579,-162.613739,-181.230423,-160.4399719,-147.8524017,-136.6019745,-119.082756,-131.4996948,-136.9015656,-126.1783142,-146.816452,-136.9485779
-159.8857269,-161.2321777,-180.6359558,-160.1307983,-146.7173462,-135.1501312,-118.727417,-133.2323608,-136.7032471,-125.2639542,-147.4667511,-135.9769135
-158.593399,-159.4823914,-179.6648712,-160.2530365,-145.7285767,-134.3928223,-119.5795746,-132.5876312,-135.3128815,-124.4680099,-145.1869965,-137.1787109
-156.3883972,-158.6328125,-178.1059113,-159.1186066,-147.4139404,-134.4542389,-117.9926224,-131.1567383,-135.8194122,-123.4744415,-143.9280243,-136.9797516
-155.9245148,-158.9927521,-179.0917816,-157.5118561,-148.4500732,-133.3179626,-117.9582748,-131.0474548,-136.6037445,-123.819725,-142.7362213,-135.1394806
-154.9745483,-159.4415894,-177.3259735,-156.3045807,-146.5059967,-134.2680664,-117.527771,-130.2894135,-135.5090942,-124.0464478,-141.685257,-134.3444366
-154.0855255,-158.3887787,-177.0522919,-155.7902832,-145.5058594,-132.76297,-116.8526535,-128.607193,-135.565979,-123.3315277,-140.5619812,-134.5489044
-153.5797119,-157.7121124,-175.8591919,-154.0167084,-144.3663635,-133.9160614,-116.7506638,-126.7617416,-134.8079071,-122.533493,-139.3677063,-133.7019196
-151.4234924,-158.5918732,-175.7637939,-152.605423,-143.7592316,-133.4697418,-116.5033264,-127.3684387,-133.5431824,-121.735817,-138.6361389,-133.1838226
-153.8909912,-160.1478577,-175.2293091,-151.541275,-142.2137604,-133.3005524,-115.7009277,-126.3368073,-132.1570892,-120.8363419,-137.9239044,-132.2501221
-154.1994171,-157.3642273,-173.250351,-150.4595642,-141.2499695,-132.4980469,-115.4869766,-125.5904465,-131.3391418,-119.9550781,-137.4332886,-134.5075226
-152.8083649,-156.31427,-171.879425,-149.6047516,-143.2507019,-131.4603729,-114.5041504,-125.6302109,-130.330307,-118.8823624,-136.3357391,-133.7489777
-151.4914246,-154.2933502,-170.8645935,-148.6966248,-141.4325867,-129.3509064,-114.0700302,-124.342392,-129.1136169,-118.1191483,-135.1618042,-133.0603943
-149.6514587,-154.958252,-170.3738708,-147.2872314,-142.8370514,-129.208725,-113.2478256,-123.6708908,-129.100296,-117.4618225,-133.5076752,-132.2352448
-148.6207581,-157.6308441,-169.2871704,-146.5856934,-141.8218536,-127.9895859,-113.0137558,-123.6132431,-128.4309845,-116.6822891,-133.686264,-131.4618683
-148.4188995,-156.8557739,-167.4164276,-144.4430847,-141.0907745,-127.6096497,-112.6158676,-122.5194855,-127.0525055,-115.5000229,-132.7307281,-131.3584442
-149.6893616,-156.1275482,-168.7028961,-143.1537476,-140.6521301,-126.4911194,-112.1095123,-123.4253922,-125.5679321,-115.2433929,-131.6717682,-129.984787
-148.6573639,-154.9529572,-167.1058655,-142.1179352,-139.3724213,-127.1133575,-111.831543,-122.8350601,-124.7246017,-115.1439056,-130.5600281,-127.7961273
-146.822052,-153.1435394,-165.2412415,-140.7345276,-141.3101807,-126.516098,-111.397583,-121.8471146,-123.6576157,-114.8522034,-129.1902771,-126.6314011
-146.0676422,-151.8691101,-163.6124115,-140.1141357,-139.7242432,-127.2137451,-110.9279709,-120.6299438,-123.2144928,-112.7559891,-128.2775116,-125.832634
-144.8061066,-150.8616638,-161.8427124,-138.5436707,-138.8228455,-128.8284302,-110.7459183,-120.1328506,-122.0754776,-112.5492401,-127.7335892,-124.6017609
-143.9121094,-151.6217194,-160.6036835,-137.2855072,-138.7970428,-128.2217712,-110.2862625,-119.7187576,-122.3060379,-112.3126755,-126.756073,-124.1676788
-144.165802,-150.5953674,-159.3987732,-136.8045197,-136.4041748,-127.7829132,-109.66259,-118.2924957,-121.545723,-111.4427338,-126.161911,-124.222374
-143.0816193,-149.7418365,-157.5732422,-136.1348419,-135.5029907,-127.0866699,-109.2758102,-117.8375168,-121.0331573,-111.4088898,-125.5607758,-123.0636902
-143.2848511,-148.9659576,-157.0354919,-134.9539337,-134.9651489,-126.3266068,-108.5843658,-117.1747894,-120.6076202,-111.1570358,-125.0530853,-122.5260468
-143.8123169,-148.3625183,-155.4863281,-134.9302521,-135.2341461,-125.5424042,-107.6998672,-117.4708481,-120.8202209,-110.6561966,-124.6394119,-122.4132004
-143.7903442,-147.0393982,-154.1105042,-133.9076691,-133.82724,-124.559227,-106.938652,-117.2038498,-120.5099106,-109.9363556,-124.6541824,-121.333313
-142.954834,-145.9945221,-153.8187103,-132.7967072,-132.8141174,-123.4286804,-106.170372,-116.7000732,-121.3032074,-110.4863052,-123.6659012,-120.4519043
-141.6341095,-145.298233,-152.7274628,-132.8706207,-132.720047,-122.830986,-106.6787643,-115.8939209,-122.0127792,-109.1161499,-122.8616333,-120.0437851
-140.6457977,-143.9762573,-152.1765594,-132.5582275,-133.4576263,-122.8689575,-106.5577469,-115.1416016,-122.0672302,-111.7084808,-122.0566025,-119.1906052
-139.1227417,-143.7006073,-151.2444,-131.5894775,-132.3708038,-122.180603,-106.2341309,-115.1267166,-121.5067444,-110.5335159,-121.6396637,-118.066864
-138.4750366,-142.6278992,-151.2326508,-131.4387512,-131.4108582,-122.0352478,-105.5861511,-114.7669449,-122.4271164,-110.0353928,-121.3160629,-118.0265503
-137.7849274,-141.2548065,-150.6611786,-131.0866699,-131.0593414,-123.6098099,-105.4321747,-114.105484,-121.4875488,-110.0310669,-120.4915161,-117.8105469
-136.988205,-140.5710602,-150.3930206,-130.3285675,-130.5611725,-122.197998,-105.0462341,-114.3193741,-120.2329865,-109.7207108,-120.4647217,-117.5218353
-136.188797,-139.8791656,-149.9765625,-130.0716858,-128.9278107,-121.0133362,-104.8106537,-114.0658035,-118.8301163,-108.7894821,-120.2494659,-116.8113937
-135.6577759,-139.4144135,-149.319809,-128.6916046,-129.3347321,-120.3817978,-104.9754486,-113.5601196,-118.184166,-108.4323883,-119.4690552,-115.6023712
-134.9947968,-138.1354675,-147.7143707,-127.4789581,-128.0810394,-119.4899673,-104.3091354,-112.9875641,-117.3776321,-108.4297943,-118.5028839,-114.7340546
-133.1868591,-136.8409729,-147.63797,-127.2154236,-127.1803513,-119.1322556,-103.8888626,-111.8973618,-116.5736694,-107.6308289,-118.5957642,-116.1433411
-133.1849823,-135.6927185,-146.6591949,-126.4677658,-126.2501907,-118.846756,-104.0215607,-111.7643509,-117.8804321,-107.6853256,-118.2657394,-115.7790298
-132.3976746,-134.655365,-146.0415649,-126.7827682,-126.6608658,-119.0420609,-103.7130508,-111.3661652,-117.0135498,-107.1734619,-118.1686172,-115.239769
-131.5192871,-133.2133331,-144.8286743,-126.8966827,-125.4922562,-118.4491272,-103.1132126,-111.1585846,-117.2557602,-107.0315475,-117.4849014,-114.4920959
-132.7559814,-132.2867126,-144.5894165,-126.1858444,-124.7494278,-117.180603,-102.3073349,-110.2752838,-118.9116745,-106.3320007,-116.9792404,-113.4850006
-132.3478394,-130.6815338,-144.1110687,-125.5907669,-123.9526901,-116.7055893,-102.0216904,-109.9857559,-118.2470856,-105.1251602,-117.1007843,-113.2491379
-131.3351135,-130.4880524,-142.32164,-124.5410004,-123.6561813,-116.0138321,-101.6427155,-109.4853439,-117.8026657,-105.0356522,-116.4815063,-112.5359879
-131.2711487,-129.997345,-141.652359,-123.9624557,-122.9843369,-115.789917,-101.2944717,-109.1524963,-117.6051102,-103.9995575,-115.3988037,-112.2284241
-130.1809998,-129.7786407,-141.0231934,-122.9080353,-122.0415421,-115.3495789,-100.8698044,-108.7056732,-117.9275665,-103.7701111,-114.8676376,-111.5502625
-129.0213013,-128.7350311,-140.4850922,-121.7378693,-121.6246719,-114.7208633,-100.4388046,-108.6069107,-117.1208801,-102.6876068,-115.0879669,-110.3293381
-130.0881958,-129.6583099,-141.5909119,-122.022934,-122.274826,-115.3633881,-101.084816,-107.4655685,-117.7960358,-104.0516052,-115.8791962,-110.8460236
-129.0135345,-126.4907761,-141.1629486,-121.154808,-118.3940048,-113.8866882,-101.272934,-107.2041626,-116.9449615,-104.2313843,-115.8835373,-110.2870865
-129.0653992,-126.0872116,-140.2910309,-119.1108093,-117.6217194,-112.1881027,-100.6747665,-106.2141876,-116.9517822,-104.2301941,-114.1217804,-108.0670776
-126.3213959,-123.059082,-140.9910278,-119.4765167,-113.7173386,-112.472908,-99.87995911,-105.8794479,-115.5498047,-102.0514221,-110.539772,-108.0775986
-125.4369354,-118.9498825,-140.136795,-119.0920944,-112.8979263,-109.2885284,-98.06526947,-103.7067032,-115.600029,-100.6854477,-108.5079193,-107.6137848
-121.7371597,-116.5813141,-140.4823608,-115.5178909,-112.167366,-107.5147858,-96.89524841,-103.5797729,-113.1189651,-100.9411087,-107.7010498,-107.5001907
-120.0533981,-114.2064133,-139.5044708,-112.3275146,-107.0176544,-107.1612244,-96.28378296,-101.2949219,-111.8037033,-99.12097931,-106.3127213,-106.2679062
-118.6134872,-114.8358231,-136.554657,-111.5317154,-106.7620392,-105.0235748,-94.19944763,-101.3618698,-111.5607529,-97.73698425,-105.6060791,-102.7201385
-116.5730209,-114.5018539,-135.2410889,-111.0452042,-105.859436,-104.4359436,-92.87961578,-99.65465546,-111.5222092,-96.87094879,-102.596817,-102.2503052
-116.9304047,-113.5624313,-133.582489,-109.625061,-105.5494766,-102.5299149,-92.04729462,-95.88111115,-110.9498901,-96.6654892,-101.0477829,-99.99448395
-116.5822067,-114.3423309,-131.9084625,-108.8056259,-103.6824493,-101.5305786,-91.39167023,-95.38282013,-107.3565292,-94.99640656,-100.3301163,-99.15618134
-114.7700729,-114.2131653,-131.8960724,-108.7967682,-104.4802322,-100.137825,-87.40505981,-92.52085876,-107.3598022,-94.65155792,-101.1418991,-98.3531189
-114.2716675,-113.4802856,-130.5271301,-109.3034134,-104.0259018,-100.602211,-86.88773346,-92.35250854,-107.0630646,-92.96609497,-98.96141052,-97.05276489
-114.8009949,-112.7557907,-129.7078247,-109.1842651,-103.994606,-98.94493103,-86.53243256,-91.36698151,-103.1248474,-92.81990051,-98.80431366,-96.17771912
-113.4876251,-112.8244095,-129.800766,-107.6056595,-101.5571442,-98.90713501,-85.02381897,-92.19473267,-102.8236313,-89.97042847,-97.90407562,-94.41644287
-113.313797,-112.5099487,-127.5791168,-105.6704712,-100.0383606,-99.61198425,-87.25452423,-91.90367889,-98.20276642,-86.70627594,-97.80795288,-92.71909332
-111.4472885,-112.1410751,-126.0726471,-103.085289,-97.79057312,-99.57845306,-86.89131165,-91.72504425,-97.65987396,-86.75469971,-97.07652283,-91.07992554
-109.3741379,-112.8909531,-122.6621628,-102.0530014,-95.15115356,-97.95081329,-86.67647552,-91.03182983,-97.09867096,-86.52940369,-95.32355499,-88.4861908
-106.3485184,-114.5303955,-121.9356384,-101.2689972,-94.73525238,-100.5532837,-86.14888763,-90.97501373,-98.29138184,-85.61500549,-92.91118622,-87.31502533
-105.0779877,-112.2132721,-121.5733643,-101.4558411,-92.44676971,-99.2874527,-84.10971832,-89.92167664,-97.93595886,-85.22502899,-92.07068634,-87.03837585
-104.5542297,-111.384697,-117.3693771,-100.5021362,-90.62444305,-100.4975052,-83.37680817,-89.55139923,-96.90649414,-85.15380096,-91.15769196,-86.2730484
-103.8370514,-111.6635513,-115.7136536,-97.76213837,-89.26498413,-98.82039642,-81.82365417,-86.021492,-94.85442352,-83.74742126,-90.82648468,-84.58789063
-104.1216888,-109.0301437,-113.9713821,-96.69934845,-89.78799438,-98.20729828,-81.84408569,-85.20872498,-93.14453888,-82.81024933,-90.05634308,-82.87485504
-105.7641296,-106.3936386,-111.3069382,-96.42170715,-89.18370056,-97.81149292,-81.04698944,-84.11193085,-92.67554474,-82.09869385,-89.9691391,-82.85207367
-106.211998,-101.6283188,-111.0184402,-96.67949677,-87.92894745,-97.87706757,-79.35594177,-84.13425446,-89.93286896,-81.04129791,-90.64766693,-80.76127625
-106.3190536,-100.7276001,-112.1518402,-97.84011078,-87.22324371,-98.17053223,-79.13545227,-84.09681702,-90.93243408,-81.65227509,-88.89851379,-79.7171402
-106.6266937,-99.06390381,-111.4304123,-96.25992584,-85.24208069,-97.95027924,-79.2885437,-83.36689758,-88.40099335,-80.46704865,-88.0290451,-78.51800537
-105.1422958,-97.86155701,-111.3810959,-96.33054352,-85.72406769,-97.30422974,-78.14481354,-82.13412476,-87.23246002,-80.43318939,-86.69461823,-78.83170319
-104.5867386,-96.83892822,-110.6316452,-94.04725647,-83.32289886,-95.7868576,-78.37268066,-82.27129364,-88.41600037,-79.67340088,-85.65812683,-77.89659882
-104.8577652,-94.99352264,-108.7435989,-89.94815826,-83.28277588,-94.91728973,-77.78694153,-81.43725586,-86.85334015,-81.70973206,-85.85220337,-77.24721527
-103.6943741,-95.43849945,-106.3808136,-89.15431213,-82.51786041,-93.78526306,-75.63124084,-80.47905731,-88.34853363,-80.77864075,-84.24195099,-78.50458527
-102.0820313,-95.49032593,-104.4935455,-85.65365601,-81.90979004,-93.88396454,-77.97055817,-80.14649963,-89.32839203,-81.18890381,-82.9067688,-78.05460358
-100.5550156,-93.75798035,-104.4502487,-82.65361786,-81.76287079,-94.44284821,-77.94515228,-77.4515152,-88.55910492,-80.23014832,-82.33721161,-76.67570496
-98.3266983,-93.59929657,-103.2407761,-83.29705048,-78.62874603,-92.74758148,-78.32063293,-75.42776489,-90.19546509,-80.81097412,-81.11548615,-76.06607056
-96.86546326,-92.09054565,-101.990593,-79.66921997,-77.94854736,-92.79024506,-77.7779007,-74.97663879,-88.87556458,-79.89840698,-79.7131958,-75.22817993
-96.54738617,-88.56659698,-101.3347092,-78.69472504,-78.2428894,-92.2797699,-78.57131958,-73.99747467,-88.04290009,-79.43843079,-80.49419403,-75.63650513
-95.88288116,-87.38892365,-99.43001556,-76.82549286,-77.86144257,-91.51364899,-81.18621826,-73.61599731,-88.37114716,-79.68743896,-80.53720093,-74.77013397
-96.25019073,-86.99100494,-99.50752258,-76.74091339,-77.54979706,-90.29598999,-79.61457062,-74.29295349,-87.37503815,-78.3074646,-80.28975677,-73.69641876
-95.68315125,-87.10723877,-99.19893646,-78.15732574,-77.08119202,-89.09361267,-78.42694855,-72.52898407,-84.68291473,-78.25435638,-80.96129608,-71.61843109
-94.39161682,-86.33081055,-97.53900146,-78.5895462,-75.74500275,-89.55088806,-78.08322144,-73.41125488,-85.2518692,-78.17749023,-80.19825745,-71.90289307
-94.43534088,-84.5802002,-99.35930634,-77.54356384,-75.88439941,-91.08627319,-77.14889526,-71.79873657,-84.2930069,-77.08442688,-76.81019592,-74.1149292
-93.17024231,-85.57059479,-96.85826874,-76.56021118,-75.36594391,-91.33702087,-76.65042877,-70.12001801,-82.490242,-76.08257294,-75.11494446,-73.34355164
-92.76322937,-83.84914398,-95.07352448,-77.21989441,-75.79888153,-90.86584473,-76.13339996,-70.09674835,-82.75279999,-77.94418335,-73.50674438,-70.28890228
-92.21325684,-83.22024536,-92.6497345,-77.93914795,-76.06743622,-91.59797668,-75.12700653,-69.7589798,-81.11606598,-78.45853424,-74.05069733,-68.27811432
-93.53469849,-83.44538879,-91.77276611,-79.55084991,-75.24667358,-90.67340088,-72.89990997,-67.84844971,-82.4438324,-77.90380859,-76.19703674,-65.5996933
-92.41360474,-79.98451996,-91.79073334,-79.19709015,-74.60523224,-88.07885742,-72.93914032,-67.18945313,-82.31967926,-77.39483643,-76.8326416,-65.46011353
-93.41123199,-80.54450989,-89.18623352,-79.6015625,-73.68479156,-87.30680847,-71.41125488,-64.82193756,-84.06749725,-76.91516113,-77.49375153,-65.10800171
-93.33085632,-79.71538544,-88.47709656,-80.4471283,-73.05166626,-89.37354279,-71.15061188,-63.746418,-83.62464905,-77.02410126,-78.73447418,-64.83515167
-92.53233337,-80.22782135,-88.4764328,-80.05931091,-70.79459381,-91.17310333,-73.20568848,-62.3155632,-82.81806946,-76.34877777,-78.11387634,-63.964077
-92.08842468,-81.42904663,-89.20697021,-75.99459076,-70.70226288,-89.41531372,-72.78884125,-61.77252579,-84.69396973,-77.00286102,-80.26792145,-63.31271362
-92.11993408,-81.97967529,-90.37076569,-75.76602173,-70.12210846,-88.24045563,-72.00917816,-63.35179901,-83.86943817,-77.67931366,-79.83368683,-62.8923912
-93.28916931,-81.97781372,-90.99362946,-77.69095612,-70.18222046,-85.98574066,-70.93981934,-63.53814316,-83.43447876,-77.3396759,-79.63066101,-62.75245285
-91.55062866,-81.31654358,-89.77977753,-79.19300842,-69.41871643,-84.7909317,-72.84230042,-65.06784058,-85.61540985,-76.53842926,-81.02896881,-62.01305389
-90.40316772,-81.09963226,-89.88432312,-78.12856293,-68.72808838,-85.41564178,-72.39571381,-65.94639587,-85.67628479,-76.11828613,-79.4291153,-62.50989914
-89.85018921,-80.98445129,-89.62953186,-77.29085541,-68.34160614,-85.20956421,-71.63611603,-64.6931839,-85.30741882,-75.89872742,-79.38194275,-62.45661163
-89.49941254,-80.95321655,-88.65164185,-76.13288879,-68.28233337,-84.27828979,-69.68425751,-63.95907211,-86.91688538,-75.06725311,-79.20133209,-60.4331665
-90.01139069,-79.64439392,-87.85542297,-75.88334656,-66.22516632,-82.91127014,-70.0647049,-63.01206207,-85.95105743,-74.06938171,-78.80796814,-59.3033905
-89.31880951,-78.32474518,-85.07152557,-75.73529053,-64.98726654,-84.25811768,-69.23471832,-62.86154556,-85.06007385,-73.05222321,-78.89310455,-59.11574936
-88.95794678,-76.66275787,-84.76152802,-76.57333374,-65.79000854,-85.78749847,-70.89431,-63.53259277,-84.16781616,-71.87846375,-77.55644989,-59.09545898
-87.90738678,-75.75074768,-83.41438293,-75.9328537,-65.35005951,-85.70497894,-70.56533813,-63.2347908,-83.1876297,-71.39273071,-77.1480484,-59.00273514
-87.21818542,-74.81453705,-82.70307922,-75.72544861,-65.61775208,-83.88473511,-69.71754456,-62.44028854,-83.51010895,-70.79007721,-75.34240723,-59.12906647
-87.4864502,-72.9145813,-80.89417267,-75.72843933,-65.52880859,-83.52919769,-68.64044189,-62.20407486,-84.0504837,-70.06809235,-74.53882599,-58.68972397
-84.76113129,-70.92010498,-80.03295135,-74.9855423,-65.26080322,-83.04488373,-71.45695496,-61.71788788,-84.44402313,-69.27069855,-74.00632477,-58.61769867
-82.88044739,-71.35411072,-79.91130829,-74.50927734,-65.44280243,-82.85136414,-70.57829285,-62.82325745,-83.33876038,-68.29728699,-73.89426422,-56.61258698
-83.37314606,-70.40726471,-79.15445709,-73.74108124,-63.73733139,-83.36729431,-69.96433258,-63.02292633,-84.57991028,-68.25292206,-72.37729645,-56.22866058
-82.7256012,-70.07333374,-78.42267609,-73.24488068,-64.26517487,-84.49443817,-69.14971161,-62.41055679,-84.65055084,-68.07554626,-72.00423431,-55.74594498
-82.63072205,-67.94950104,-77.05482483,-73.40516663,-62.43223953,-83.97865295,-68.52690125,-62.73075867,-83.37094879,-67.93732452,-71.90338898,-54.99512482
-81.61721039,-64.52999115,-77.62121582,-72.90480042,-61.95979691,-84.22084808,-67.38315582,-61.29611588,-83.06880188,-67.72763824,-70.62812042,-54.83189011
-80.40984344,-63.22548294,-77.419487,-73.33685303,-61.4227066,-83.73852539,-67.80182648,-60.81108475,-82.58359528,-68.14362335,-70.18294525,-54.08482361
-78.0773468,-62.25920486,-76.10323334,-72.81706238,-61.50997925,-83.77059937,-66.73898315,-60.16927719,-82.9538269,-67.72815704,-69.90582275,-54.21757507
-78.14981079,-62.00191879,-75.89509583,-72.08242798,-62.11980057,-82.55082703,-65.24473572,-59.4546051,-83.07952881,-67.08721161,-69.748703,-54.85470581
-77.59259796,-62.3039856,-76.58796692,-71.71507263,-60.26159286,-82.75260925,-64.97286987,-58.71641541,-83.53192902,-66.40452576,-69.76409912,-54.70707703
-77.35549927,-61.38243484,-76.41845703,-70.9449234,-60.45556259,-81.8145752,-64.43968201,-57.94285583,-82.60585785,-67.02088165,-69.78063202,-54.40289307
-76.99451447,-61.03019333,-77.83691406,-70.94637299,-60.40897369,-80.02840424,-62.87453079,-59.16717529,-82.84107971,-66.30708313,-69.17053223,-54.25219727
-77.0499649,-59.25138092,-77.58262634,-70.7124939,-59.34896469,-79.72543335,-62.23052597,-59.73386383,-81.21772003,-65.88471222,-68.73607635,-53.54430008
-74.89801025,-58.44419098,-77.8600235,-69.81954956,-60.72061539,-78.32254028,-61.69606781,-59.59291458,-81.21250916,-66.01664734,-68.07289124,-52.86142731
-75.16760254,-57.71975327,-78.07077026,-69.20464325,-62.1830864,-77.94894409,-60.12246704,-58.5755043,-81.41516876,-65.12400055,-67.33903503,-53.13149261
-74.03392792,-57.10208893,-77.27986145,-69.19045258,-61.80492783,-77.5828476,-59.72660446,-60.77544785,-81.09075928,-64.59210968,-66.76667023,-52.83282471
-72.00559998,-56.20070267,-77.88296509,-68.88941193,-61.08554077,-74.40639496,-57.55804062,-61.62094879,-79.73059845,-64.17217255,-66.20986176,-51.80570221
-71.03741455,-55.89770126,-77.47275543,-68.82807922,-60.96932983,-73.73142242,-56.39574432,-61.86507034,-80.42809296,-63.83061218,-65.0951767,-51.80701447
-70.65856171,-56.25763702,-76.59065247,-68.77178955,-61.60987854,-73.3228302,-55.50458527,-61.47024536,-78.76291656,-62.86629486,-64.8948288,-51.6863327
-70.80741119,-56.50533676,-76.2509613,-67.4910965,-60.92834473,-72.78461456,-53.19680023,-61.36323166,-77.22758484,-63.69762039,-64.54376221,-50.96419525
-70.42863464,-56.6365509,-76.43782043,-67.25040436,-58.95277786,-71.89059448,-51.403965,-61.27701187,-76.58036804,-61.00365448,-64.65556335,-51.19986725
-70.871521,-55.86148071,-75.92242432,-67.49501801,-59.11512756,-71.52200317,-49.49916077,-60.92667389,-76.56304169,-61.54652023,-64.14985657,-51.58597183
-70.63460541,-56.13471603,-75.00305939,-66.50164032,-58.85876083,-70.5193634,-47.64637756,-60.41774368,-74.82798004,-61.05447006,-63.31922913,-50.98671722
-70.0309906,-58.22931671,-74.72412872,-65.87136841,-58.02604675,-68.00601196,-45.91594696,-60.68541336,-75.6186142,-60.11349869,-62.86841965,-50.22255325
-69.24714661,-57.6572876,-74.35878754,-65.22753143,-57.86816406,-68.22207642,-44.34727097,-60.57889938,-75.29911804,-60.08747864,-62.12154007,-49.48217392
-68.47383118,-56.92153168,-74.05112457,-65.11256409,-58.91921997,-68.21406555,-42.34645844,-60.40991211,-75.8000946,-60.15817642,-62.03342056,-49.35161209
-68.58003235,-56.21131897,-72.97600555,-65.34240723,-57.75888062,-68.09273529,-39.19687653,-59.84073639,-76.28468323,-59.90612793,-62.1158905,-49.6989212
-68.93584442,-56.13432312,-73.40236664,-65.57536316,-58.66566467,-68.0153656,-38.56701279,-59.84273911,-76.60173798,-59.58638,-62.0611496,-49.81464386
-67.5422287,-55.66603088,-72.71211243,-64.75270081,-58.68851852,-67.19765472,-37.21989441,-59.71923447,-76.97757721,-59.64032364,-61.61963272,-47.41531372
-66.53327179,-55.5533638,-71.89251709,-64.38293457,-58.91218185,-66.3008194,-35.38040161,-59.05771637,-74.49738312,-59.1770401,-61.24708939,-47.28115463
-66.31904602,-55.44662476,-71.68322754,-63.42475891,-56.60575867,-65.35242462,-34.02885818,-58.79072189,-74.56635284,-59.04769135,-60.7191658,-47.08008575
-62.87604904,-55.0827179,-71.92811584,-62.53598785,-56.73175812,-64.48113251,-32.80278397,-58.39206314,-73.28994751,-57.79720688,-59.7978363,-47.32359695
-60.49303436,-54.39602661,-71.21826935,-62.36569595,-56.67992401,-64.73931885,-31.66447067,-58.7146225,-71.31758881,-57.58687973,-59.84087753,-47.11239243
-57.16371155,-54.74490356,-70.53481293,-62.21380615,-56.89137268,-64.31541443,-29.21792221,-58.47429276,-70.71709442,-58.33042908,-59.32171249,-46.8886261
-57.38822174,-53.41868973,-71.27076721,-62.42630768,-54.119133,-63.89394379,-28.40240288,-58.49608994,-70.02498627,-57.84139252,-57.91044235,-47.02346802
-53.53422546,-52.65274048,-70.86766052,-62.84292221,-54.3067627,-62.71813583,-27.33061218,-58.29606628,-69.23384094,-58.90044403,-58.22356796,-46.46953201
-53.82847977,-50.92367172,-70.51734161,-63.08915329,-53.36240005,-62.40089798,-26.00860405,-57.98896408,-67.86697388,-58.09340286,-57.63634491,-46.43663788
-51.91492081,-49.12333679,-69.58017731,-63.43910599,-51.0447731,-62.0598793,-26.23292923,-57.62447739,-67.58666992,-58.59285355,-56.04950714,-46.93619537
-48.45201492,-48.48733139,-68.28273773,-61.03269196,-49.50190735,-61.47182083,-23.1921463,-59.42946625,-67.01159668,-58.0463295,-55.53202438,-46.68457031
-45.98415375,-48.22298813,-68.1491394,-61.40602112,-49.22327423,-60.95907593,-20.97504807,-59.10409927,-66.85806274,-56.54372025,-54.41984177,-46.18361664
-45.05107498,-46.74909973,-66.28767395,-59.4006691,-49.64850998,-60.62098312,-19.54388618,-58.87482071,-65.88910675,-56.33858871,-54.97182846,-45.67542648
-44.79348373,-45.93490601,-65.54123688,-56.54821014,-48.35229111,-57.49788284,-19.73258591,-59.28532791,-65.41139984,-56.03810883,-54.68479919,-45.27636337
-42.50976563,-45.38964081,-66.74162292,-56.80131149,-47.27720642,-56.30671692,-16.62599373,-60.39907455,-65.02610779,-55.87488556,-51.87659454,-43.71588135
-40.90232086,-46.32676315,-64.6468277,-54.80881119,-48.00373459,-56.24169922,-15.21560955,-60.35678101,-65.25683594,-53.45402908,-51.1711731,-43.75870132
-40.32393646,-44.56826401,-63.73374176,-52.99672699,-46.45769119,-55.79119873,-13.16417694,-59.8637619,-65.25254822,-54.04415131,-51.34790421,-44.42932129
-37.8491478,-41.77587509,-63.51914597,-53.07350922,-44.84073639,-54.6144371,-12.70316124,-58.19021988,-64.60121155,-53.27128983,-51.0388298,-42.81137848
-36.44456482,-38.38393021,-62.83153152,-51.33181381,-44.25463867,-52.89569092,-13.4878149,-57.87132263,-64.25458527,-53.34136963,-50.55560684,-42.75967789
-35.76369476,-36.55750275,-60.56505966,-50.4832077,-44.79203796,-52.83857346,-12.55082035,-55.80604553,-64.07987976,-52.05690765,-51.28578568,-42.45080948
-32.54640579,-34.75432205,-59.35515594,-47.52307892,-43.31026077,-50.72075653,-10.34937763,-56.64701462,-63.97451401,-51.24221802,-50.76446533,-42.77216339
-29.62973404,-34.42477036,-57.84659958,-46.71192169,-40.32795715,-48.11955643,-12.03622913,-57.15766144,-64.2412796,-50.76650238,-49.43937302,-41.85897446
-26.38728714,-32.52823257,-56.13634872,-45.31894302,-37.37674713,-45.96686172,-11.25949669,-57.03636551,-63.99256897,-50.69152451,-48.87664032,-38.9518013
-22.90785599,-29.70589066,-55.56715393,-44.15368271,-34.05932236,-44.87027359,-8.055178642,-54.62213898,-63.82618332,-49.65607071,-48.96469879,-40.19006348
-21.03736305,-25.93465996,-55.09598923,-44.47616577,-33.74029541,-42.68507767,-7.119991302,-54.20731735,-63.90367889,-49.34720993,-48.6545105,-40.17930222
-18.69205856,-23.7610054,-55.12153625,-43.91288757,-32.15682602,-39.25294876,-2.727664471,-53.85548401,-62.91994095,-49.39189911,-47.75001144,-40.47808456
-16.40844917,-21.31453323,-55.01719666,-45.02489471,-30.02749062,-35.98849487,-0.559230447,-52.00857162,-63.09762573,-48.61881256,-47.9937973,-40.49085999
-14.4689436,-21.01039886,-55.41695404,-44.43703842,-27.2499752,-34.33849716,2.236414671,-52.09474182,-62.27802277,-48.09428024,-47.30108261,-41.74188995
-12.53508568,-16.19701576,-53.25596619,-43.72922516,-23.4497242,-29.96892357,4.94284153,-52.75865173,-61.36870956,-48.77801895,-48.02577591,-41.24909973
-10.40674114,-13.43280888,-52.89913559,-42.42202377,-21.02609634,-26.96280289,5.753911018,-52.26350021,-61.31953812,-48.39959335,-48.38830948,-39.15756226
-9.314382553,-10.95025539,-52.84221649,-42.24388885,-18.97301102,-24.03067017,7.866099834,-52.77957535,-61.34218979,-48.22455978,-48.30144501,-39.66308212
-7.270483017,-6.735916138,-51.25193405,-41.83493423,-16.80635071,-21.74682617,11.07507324,-52.33841705,-60.96473694,-47.46686935,-48.17995071,-37.00853729
-2.970053196,-6.865850449,-50.69307709,-41.59218216,-14.78862381,-20.32973289,12.96937752,-49.20528793,-61.27045822,-47.65310287,-48.0666275,-35.33224487
2.188735962,-4.082196712,-50.4273262,-40.30051422,-11.99032497,-15.70510387,14.74310017,-49.34857941,-63.23083496,-48.05145645,-46.69741058,-35.60565948
5.628829002,-4.708221436,-49.71073532,-37.16816711,-9.952816963,-12.12944794,15.60593033,-48.30653381,-63.55569458,-48.04940033,-43.028862,-36.54814529
9.101748466,-5.588478565,-47.07713699,-33.88216019,-10.12861538,-8.144118309,16.98960495,-48.09751892,-61.5977211,-46.09967041,-40.20656586,-36.39213181
12.30082512,-6.239538193,-44.73228455,-33.90535736,-7.844660759,-6.206505775,20.78643417,-47.35708618,-61.39432907,-43.67894745,-37.57399368,-33.77977371
15.66079044,-3.934176445,-43.40905762,-33.15384293,-4.693539619,-4.472745419,20.24740219,-45.45055389,-61.63463211,-43.17894745,-34.768116,-33.14601898
18.81328964,-4.048946857,-42.62801743,-32.48000717,-1.999820471,-4.099905968,22.21345139,-42.51118851,-59.58776474,-43.38593674,-32.07825851,-33.57032394
22.340868,-2.708781004,-39.40474701,-32.09405518,1.404387236,-1.926960111,24.60204315,-42.93223572,-59.29919434,-42.20502853,-28.61431313,-33.61168289
20.47081184,0.91497618,-39.24672318,-31.83557892,3.458556175,-1.704612255,24.84292793,-42.741745,-57.28895187,-47.43789673,-25.77609444,-32.66352081
20.06542397,1.404139996,-36.32050705,-31.19502258,6.656406879,-1.286419272,29.8222332,-40.86256027,-55.87628937,-47.27370071,-26.07136536,-29.7758522
20.8775425,3.720313549,-35.77070999,-32.35368347,10.04594612,0.382149577,29.42982864,-38.92776489,-55.56378555,-51.15597534,-23.27275658,-30.16433907
23.20393944,6.241689682,-33.16540527,-28.53547478,12.80328655,0.769379318,32.32460403,-35.56722641,-56.71585464,-58.50327301,-21.3391552,-30.08612061
26.25269318,8.49707222,-31.88700104,-28.50740814,15.44058704,1.817147493,31.53468513,-32.33105087,-56.60488129,-60.65005493,-18.83254623,-30.57524681
29.40860367,12.18386364,-31.09134674,-25.81511497,17.95428467,2.664248228,31.77386284,-29.68514824,-56.88375854,-60.55496597,-15.03089523,-29.87768173
32.90851212,14.16947365,-27.91152,-23.37979126,21.23289871,3.542838335,32.64669418,-27.02978706,-55.65254211,-59.19546127,-12.39713097,-29.77870178
33.78184128,16.8880291,-27.37461472,-22.62636185,24.79366684,2.806956768,32.4055481,-23.39389038,-55.82030106,-57.57110977,-9.264578819,-29.39593124
35.43120575,18.40598297,-27.19870377,-18.04733658,27.21822548,3.329651594,33.89429092,-20.71728897,-57.3149147,-60.2223053,-5.678575516,-28.92061806
36.55746841,18.77588654,-26.19498253,-15.09666824,29.32593918,4.339459896,37.19387054,-16.30930138,-56.25070953,-60.51265717,-2.918344498,-27.94221497
36.48517609,21.76399612,-23.18978882,-10.83448696,31.64639854,6.426948547,39.60339737,-12.5926857,-55.62733078,-62.96470642,-0.927659631,-25.31460762
36.75598145,23.17753983,-23.20376396,-10.50089931,35.05925369,7.83601284,37.89536667,-9.269274712,-54.54237366,-63.84986115,-0.576008976,-24.62421036
37.49580383,23.33617401,-22.36522102,-7.389251232,38.21101761,7.13968277,41.59812927,-8.885183334,-53.58823395,-61.60379791,1.239018083,-21.63783264
40.84749985,26.25502396,-21.19664764,-3.89393115,41.19952011,6.930024624,41.11812592,-8.24858284,-53.37139893,-60.41214752,5.113215446,-21.85834694
43.10474396,29.37235069,-20.90493011,0.897443891,44.18246078,7.716752052,44.18251038,-9.292133331,-51.70120239,-61.63179398,7.256085873,-22.71943092
46.01063156,31.18237114,-17.42566681,3.509665966,46.52300644,6.084677219,46.43288422,-8.947383881,-51.15834045,-61.13601685,10.87766075,-20.06126404
50.58703232,32.51268387,-17.1185627,4.70364666,48.81462097,6.518489838,48.29129028,-6.64341259,-49.28424072,-58.9592514,14.40241623,-18.02536392
51.83337021,34.68218994,-16.51417732,6.832826614,51.75523376,7.819647312,47.63668442,-5.9088974,-49.43115997,-59.02931976,18.34227753,-15.36466503
53.14639282,38.37298965,-15.68432331,8.64222908,53.89154816,11.09027767,51.90158844,-3.17494154,-49.67556381,-59.39036179,20.90307999,-13.32402325
53.45559311,42.44763947,-15.73712921,6.705923557,56.81834412,10.97669506,54.47639847,-3.003215551,-46.9060936,-58.67444229,25.42401505,-11.16526127
56.4988327,46.06081009,-11.31786633,7.191053867,57.73744202,11.59477043,53.99094009,1.564734936,-47.20914078,-58.14345932,27.77167892,-8.689434052
59.87493134,48.70666504,-8.299067497,9.588452339,60.99980164,11.53117752,56.91399765,4.639454842,-47.13426208,-58.01463318,31.00667953,-5.431760788
63.59242249,48.79755402,-6.629789829,9.794571877,63.73307037,13.56421852,58.32659531,9.541710854,-44.19310379,-58.20256042,35.31972504,-5.152255535
66.19934845,51.03123856,-3.988675594,10.88683891,65.97708893,13.89599514,61.21239471,11.62071705,-43.17937088,-57.38447189,36.80370331,-4.115226269
69.54234314,51.95396805,-3.04032445,11.17405128,69.06746674,15.86203098,60.54139328,12.43452835,-44.06404495,-58.59215164,40.70504761,-0.408503741
72.51902771,51.41751099,-1.0291394,11.55687904,72.30984497,18.26556396,59.06848907,15.47352219,-41.91364288,-61.20379639,42.06590652,-0.630671024
76.12134552,50.93731308,0.763612092,11.23204517,73.82876587,18.23380089,61.57833481,16.97653008,-42.31375504,-63.4111557,44.14726639,-1.027319551
76.24932098,51.11803436,2.536795378,10.83485317,77.00569916,19.72688675,63.62644577,20.80424118,-41.3386879,-63.58314133,47.09401321,-0.9298473
79.23929596,50.34356308,5.000317574,12.55398655,80.85903168,22.48056793,67.98274994,25.03891563,-42.05471039,-63.71606445,46.51486969,0.126874045
79.77584839,50.29345322,7.798852921,12.90074158,84.03817749,21.95478249,69.97280121,27.58998299,-41.44101334,-62.49614716,46.43681335,4.202087402
72.01428223,50.27036667,10.06942272,13.14259529,86.83879852,21.74884987,68.95993805,28.15074921,-40.53636169,-62.38725662,47.75519562,5.085953712
75.16999817,50.16285324,11.98695755,13.30557156,87.72015381,22.01700783,71.32964325,32.19830322,-39.76307678,-64.37252045,50.0892334,5.351475239
77.80375671,49.05807877,14.06633091,14.73887253,90.53538513,22.20982933,76.77496338,35.09925079,-38.96470261,-64.99359131,52.46919632,6.187047005
80.27878571,51.46494675,12.86569118,15.85891533,91.04627991,22.99582863,79.63221741,39.65239334,-39.91734695,-64.97882843,55.70120621,6.780306339
82.90158844,51.39426804,12.50983906,15.63981724,94.48973846,26.56535339,81.53794098,43.94464111,-35.79049301,-65.40557861,54.57513428,7.10784483
85.47923279,50.82408905,14.39289856,18.14014435,98.00016022,29.30943871,83.71723938,46.37991333,-33.07619476,-66.06854248,56.90816498,7.608752728
85.75659943,50.61641693,13.78825951,19.7095089,101.1028366,29.97876358,82.46417999,49.92073441,-30.65126228,-65.87478638,56.30901718,7.799427986
87.95729065,52.38920212,17.19639587,22.68815613,103.90448,27.23245621,84.48705292,52.46507645,-27.68247986,-66.97409058,59.23572922,7.918125153
90.3052597,52.35668945,19.54246521,23.19077682,103.4842529,27.7507267,88.06546021,54.86753082,-26.3224678,-67.22766113,61.80765533,8.675022125
92.99170685,52.27737427,19.81862259,20.27126503,107.2455368,27.14199066,90.35572815,58.81633377,-23.33773613,-64.07699585,64.79616547,0.032065708
96.37960052,52.68776321,21.2211895,20.39849854,110.5898361,23.46039963,92.30609131,60.96516418,-20.36507607,-64.44664001,66.71136475,0.677371979
98.53046417,53.04876328,23.7485733,22.25081635,113.6725159,24.22661781,95.54855347,61.05973053,-17.68470383,-64.98426819,69.02872467,0.390477657
101.8409195,52.61204147,25.26105499,24.70656967,116.9462738,24.86580658,98.4728775,63.18417358,-15.56565666,-64.82756805,72.14749146,1.441178918
104.6080551,52.907341,28.69634438,24.79090309,119.7171249,25.46261787,100.458374,65.35694885,-15.11392117,-65.87538147,74.44807434,4.147479057
106.8834686,52.7765274,30.96457481,27.13799667,122.0967789,25.87984276,102.7789459,69.09552002,-12.56765938,-66.16401672,76.65452576,7.126746655
106.4640884,51.65907288,31.53638268,29.3956852,125.6272659,25.33104324,105.5264816,63.03015518,-11.39984512,-66.26262665,79.34762573,10.74258614
108.2346573,53.06097794,33.90972519,32.18815994,130.1851654,25.35416031,106.9677811,65.10740662,-8.360208511,-66.56273651,81.38486481,14.37389946
110.9152527,52.91988754,33.96906662,34.1545372,133.0753784,24.7327404,109.5251617,68.02368927,-5.912435532,-66.69017029,83.34680939,17.48116302
113.4935913,54.65756989,34.43988037,35.22054672,136.1961212,21.81223869,110.069809,72.60797882,-3.8002913,-66.3323288,85.96047974,13.92735863
116.6008453,53.44884872,34.16677094,37.58967209,138.3664703,21.58382988,111.6290665,76.39099884,-0.016971236,-66.61677551,88.38754272,17.35983276
119.1140518,53.57442093,33.70537567,39.72343445,141.9046173,23.95708847,113.2956467,79.25634003,2.465479374,-64.174263,90.44324493,18.06424904
119.2577133,53.69599533,34.11794281,40.11686325,144.8352966,26.57240295,114.6354675,82.14829254,5.485887527,-63.7568779,92.30802155,20.40486908
119.1059418,53.75017929,35.48262024,43.34658432,146.7807007,29.17720604,115.6821594,84.4644165,8.506319046,-63.49227905,95.44110107,21.33113861
122.4094467,52.41798782,37.95708466,46.24225998,149.6179504,29.79452896,116.963028,87.99695587,11.5524931,-63.43121338,98.30397797,24.07982063
122.9534149,53.18843842,38.34230042,48.78245544,152.6344604,32.27108765,117.6195908,90.09789276,14.48928165,-65.01792145,97.3659668,27.31479645
125.7233734,53.56044388,39.05062103,51.05438614,155.1487122,35.04449844,119.0877762,93.34835815,17.99618721,-63.94017029,97.24976349,27.20597458
128.7042084,53.22298431,41.97949219,53.26282501,158.6263123,37.99057388,120.7714386,96.95373535,20.4068718,-60.78725433,100.3114548,27.08208466
131.1531677,52.57593155,43.14281464,53.17953873,162.087616,40.53250122,119.7766953,99.93336487,23.0374794,-59.27787781,103.9196701,29.76447487
132.59758,52.35523224,43.08003235,51.7322731,164.9221497,43.62092972,118.0237198,102.9006729,26.79331207,-56.28919983,106.3166199,33.15207291
136.696167,52.32922745,45.54396439,51.91198349,168.671463,46.44756699,120.7988815,105.8999252,30.00984192,-55.9046936,105.0232544,33.97558212
137.5794983,51.6331749,46.16185379,54.65670013,171.008728,49.24297333,121.9666061,108.6571732,33.35674667,-55.07940292,103.4732895,36.07250977
140.2708588,51.25514984,47.70833969,57.55119705,174.5105896,52.09972763,121.2643051,111.7506866,36.05995178,-54.23637772,106.4286728,37.02910614
143.1884766,53.0218544,48.18638229,60.74885178,175.2157745,53.83192062,120.2948761,114.5311661,36.17444992,-51.85536957,109.8584671,37.43047714
143.0654755,54.25312805,48.51608276,63.70982742,177.9343567,56.09614944,119.4715805,117.6217804,38.61244202,-50.25748444,111.9146194,38.72718048
143.2531128,52.86436462,48.82105255,66.5634079,181.2394714,58.77851868,118.6892624,121.1393738,39.51528549,-48.91675949,109.2362976,39.25183487
141.238266,54.23648834,48.50714111,69.61339569,184.8334503,62.04866791,116.7819061,124.5563354,39.45138168,-46.30411911,112.4738846,39.23528671
143.9392853,53.06586838,48.37490463,72.65406036,185.5558319,64.70480347,116.3033371,127.5586395,42.09853363,-43.80397034,114.2842102,42.03488159
143.7744446,49.96245575,48.60617447,76.00615692,188.8948059,67.15296173,116.0524445,130.858078,41.3772049,-40.70033264,116.8489761,41.67274475
144.623291,48.24821091,48.46618652,75.03302765,190.2243652,70.02386475,115.1865692,133.776474,42.12238693,-38.42133713,119.0944672,41.46880722
143.1157379,45.95787048,50.5846405,77.86446381,189.8244934,73.05770111,116.3893738,137.3594208,44.57767868,-35.78709793,121.4334412,44.83737183
142.3753052,45.20621109,49.92211151,77.94145203,191.4983063,75.3684845,113.9134903,140.6650391,45.15647125,-32.97637558,119.4983673,45.14867783
140.5482635,45.11325073,50.46372604,77.99539185,194.7498779,78.19670868,111.5853653,143.5778809,44.9500351,-29.9969902,122.0400314,45.47908783
140.8824463,44.60760117,47.88010025,79.45970154,198.5868683,80.65526581,110.8521423,147.1328583,47.70734406,-26.90760422,125.0134506,48.12945175
141.1936493,44.01078033,49.38360596,79.77666473,199.9196777,81.4796524,111.3099518,147.8499756,50.34210205,-26.73467445,126.8505402,48.31919479
141.9016113,43.70307922,49.74190903,83.3531723,201.386322,81.89898682,111.3715439,149.2142334,53.54541397,-24.6385746,126.6104736,47.57112122
142.8126068,43.1270256,47.63065338,83.48825836,,84.75382233,110.1504898,152.048645,55.74103165,-23.91165352,127.7536011,48.36060333
145.7403412,41.39353943,46.3862915,85.01622009,,87.68424225,108.1866226,153.9757843,56.15359497,-21.28939819,128.8230438,51.26028061
146.6142731,39.16334152,44.45329285,88.13113403,,90.92556,110.3268433,155.5083771,58.83526611,-21.61582756,130.8905487,52.3373909
146.5748138,36.40888977,46.42497253,86.75071716,,93.17469025,111.2233047,157.741684,61.71089554,-22.19582176,133.3996277,54.52907562
149.3805847,34.29979706,44.97799301,89.23967743,,95.14763641,109.5391617,158.6478271,61.56381226,-19.61409378,136.8354034,54.40376663
149.3240662,33.82958984,43.63733292,86.67288208,,95.49546814,110.3200378,161.6855927,64.37838745,-19.2746315,139.1612549,57.44487381
147.3929443,33.69779587,42.11113358,88.8549118,,95.91625214,114.8999329,164.7070618,65.33391571,-19.33670998,142.5929871,57.31197739
147.7339478,31.57021141,40.31109619,91.22049713,,97.24891663,116.5596466,168.4085083,65.34699249,-16.1560173,145.9933014,55.42897415
148.4715271,28.66420746,42.08744812,93.51361084,,99.57966614,116.7645187,168.8092194,65.97379303,-14.10974312,146.0929108,57.08908463
144.6381683,25.75933266,44.71934509,97.03881836,,99.3629303,114.8523865,171.8626862,68.46421814,-13.96992111,146.2162628,57.74926376
144.9682922,23.68144608,46.09874344,100.0791931,,99.18671417,115.3437271,174.563324,68.86114502,-13.41383648,146.2474823,57.71610641
145.115921,21.53273964,49.51806259,101.5645294,,99.92966461,112.7519379,175.9317932,69.75262451,-14.16885948,145.7221832,58.21304321
145.989975,23.16484833,50.80045319,104.6594086,,100.3501968,109.6066513,179.2799377,68.50505066,-11.36209774,148.2583618,61.55614471
147.239502,20.91692352,50.9016571,107.0026245,,100.6696243,110.2061005,182.3201752,69.08542633,-8.553422928,151.1101837,63.50382233
147.6780396,18.26119423,53.30578613,108.5081406,,100.3826828,111.2399979,185.0428619,72.36387634,-5.834673405,153.6545563,63.9608345
149.7717896,16.76252556,53.4621582,110.7865982,,101.0070419,107.5139542,188.0507355,74.88931274,-5.842898369,156.3370667,64.92063141
149.9392853,15.91710472,54.33950424,111.7382126,,101.252449,105.1824799,190.912674,77.9538269,-3.139201164,159.1157074,64.74985504
149.6646729,17.93255043,56.93827438,106.6952362,,103.6139984,103.0563049,187.7600403,80.35246277,-3.232881546,161.6014099,66.02888489
149.8849487,15.41709042,59.64019775,109.0600281,,103.243103,101.5778656,191.3661194,84.64366913,-0.340546936,163.5823822,67.25463867
149.7071838,15.34461594,62.55711746,109.169075,,103.4880981,100.761528,194.2157593,85.90823364,2.388383389,163.7593384,70.94937897
149.4212494,15.88781929,61.96099472,109.1718903,,103.0750046,99.61636353,197.5262451,89.15080261,3.76333499,162.2301178,71.02416992
149.2626038,15.46792316,61.97144318,109.1082382,,104.730484,99.74448395,199.4689636,92.16523743,3.340068579,162.7212982,70.82567596
149.0525513,13.15753841,61.27799225,111.5967102,,104.5608444,100.0025406,198.2116394,95.04669189,6.13546133,163.4521332,74.18733215
143.2325897,13.03643608,62.84319687,111.7577515,,106.8262863,98.37192535,196.532074,96.96541595,9.089743614,164.3338928,76.90044403
143.1167297,10.5726099,62.48876953,114.5059433,,106.9909363,95.73806763,200.3926544,99.17431641,12.66565418,164.3300934,79.69100952
148.5390778,8.886800766,61.87597656,117.3731384,,109.3204269,98.56951141,,100.9057617,16.83851242,163.1144714,83.13704681
152.2988434,9.090265274,58.62827682,118.5855026,,112.1776199,95.15559387,,104.0154648,19.95747566,165.6693573,83.38450623
154.3608704,6.531381607,59.7111969,117.9283447,,115.2412262,94.05252075,,106.4495544,25.76360893,166.2569427,78.58068085
153.7104797,4.235064507,58.11088181,115.5534515,,118.2130356,89.0766983,,110.89814,36.16895294,166.9634705,81.14606476
150.2632446,1.521687746,58.51338577,115.1726608,,118.3827972,89.53920746,,107.3057556,40.99357986,167.8137665,84.46194458
150.1968994,-0.796922743,58.55208588,112.3967361,,117.8345337,92.77198792,,110.2289886,44.00100327,168.8200226,87.3237381
149.8771973,-2.743347645,59.06429291,114.0415878,,119.7218704,92.46297455,,112.5919571,46.11435318,169.7701263,89.75888824
149.0629272,-4.718809605,62.13923645,116.2999878,,123.1678848,95.3225174,,115.5501633,47.34444427,170.0676727,91.85248566
150.8724518,-4.439071178,64.72796631,115.3582916,,125.5988617,93.93280029,,118.9168396,52.89916992,170.1463776,92.15671539
150.3214264,-4.641664505,66.99152374,116.3124313,,128.4363098,90.55877686,,118.1151962,56.05950165,171.2059631,95.41809845
153.5937653,-5.68804121,67.35088348,113.9569321,,130.9826813,90.57595062,,120.8746414,60.96138,172.0001373,97.27880096
153.2374115,-5.677785397,69.57978058,115.9868774,,133.0263062,94.23229218,,123.1163406,62.17420197,175.2112122,94.24121094
155.5776367,-5.771570206,72.44403076,116.5684204,,136.7614441,93.96777344,,124.9529266,66.31195068,173.3105621,94.24307251
151.8084412,-7.927837849,75.46448517,112.9358368,,140.019165,93.78355408,,125.3265991,67.43760681,171.0950623,97.11588287
153.8808136,-10.58313847,78.01068115,113.1704254,,141.9862366,92.93332672,,128.3099518,67.67964935,171.4217987,100.0276642
153.5083771,-11.03726482,79.15013885,113.7769928,,145.9044495,93.63735199,,131.3365326,69.17855072,171.7386475,99.77838135
153.5550232,-9.631532669,79.81196594,116.1749573,,148.1519775,93.50818634,,134.3656464,66.29483795,172.0183105,100.1848373
155.5319519,-10.9485178,82.49813843,118.4983597,,152.2885284,97.47154999,,136.5550232,66.33817291,172.3808441,101.131813
158.1677856,-13.85139179,82.75408936,120.089241,,154.7807007,98.26177216,,136.2416229,65.51651764,170.9724731,101.767334
160.8135071,-16.61717606,85.68791199,124.5500946,,157.1089478,98.3419342,,138.8550568,68.34255981,170.3931427,98.4978714
160.6703186,-19.3449688,85.71709442,127.311058,,159.4616241,98.46526337,,139.1194763,68.64218903,169.0621033,94.42622375
160.633255,-21.29336357,86.5147171,130.0318756,,162.5105286,98.19946289,,139.3862457,68.55031586,169.0900879,94.05690002
160.6652374,-20.71531677,88.52921295,132.4692078,,162.9602356,100.8470993,,138.1517181,71.2617569,168.2050018,96.02984619
160.6899872,-20.73106003,89.75590515,134.5323944,,163.7268982,100.9599075,,140.6876984,74.1811142,169.2716827,98.87326813
160.4397583,-21.29161263,92.17946625,137.6928864,,164.4889832,104.8159256,,144.9939423,75.84542084,169.3503113,97.24513245
158.2678528,-18.51859665,93.04794312,140.5324097,,164.5185089,106.2332382,,147.9190063,80.9823761,167.9066467,98.72907257
158.0614929,-16.29835892,94.00881958,139.6026611,,167.1018372,105.2207489,,151.0294342,85.67206573,168.6629944,101.1220398
161.4364014,-14.28191376,94.21955872,143.1425476,,170.0385742,103.941597,,149.1026306,86.07362366,169.1804047,101.5136414
161.3857422,-11.71349716,94.58275604,145.4860382,,173.5110016,104.4425125,,152.0983582,85.16830444,171.5845337,102.9786682
161.2875061,-9.520382881,94.56324005,148.1697693,,176.7251282,105.6853943,,154.3016052,86.64333344,174.2169647,102.8795471
172.2954559,-8.06847477,95.18897247,150.7801208,,179.4792023,109.2878189,,156.2807159,86.38147736,173.9782715,106.1654968
171.836731,-5.643498898,92.98873901,153.4364624,,182.1421204,107.0814819,,156.6840668,89.95549011,173.9607239,106.351387
172.2988586,-1.801219344,94.25942993,154.5090637,,185.2249908,107.6972504,,159.5324249,92.9968338,174.4945679,108.3722153
172.5950165,-3.57076335,98.10374451,156.0097198,,188.1663361,107.3533859,,160.5279999,93.00954437,174.0475159,111.331459
173.6404266,-3.930970669,100.2142029,157.3488312,,188.6813812,107.5890045,,161.0155487,94.36264801,176.4500275,112.8108597
173.1735229,-1.989485502,100.9286194,157.471756,,189.5271606,107.8515549,,160.8488007,97.76171112,172.6787872,115.228363
172.6916962,-0.068015337,103.6639099,154.4680786,,192.1229553,111.0188599,,160.834137,100.6943359,175.3541107,117.8511429
172.9123993,-1.33438766,104.3328629,153.6903229,,198.5405884,111.5268555,,161.2912598,101.8688507,175.0076752,121.1834488
173.1591492,0.643155336,104.6390457,153.3107758,,201.3581238,109.5446472,,162.1929932,105.6063766,174.9905701,123.4506989
173.2296753,2.805131912,105.0935593,157.5037079,,,109.5161896,,162.2162781,102.7356644,175.0975037,135.0921783
173.2839203,2.484173775,105.4746475,159.8294678,,,109.3249359,,162.4718628,106.6373978,175.7503204,136.7307434
173.1757355,4.930590153,106.1977997,160.4016876,,,108.8376846,,163.0606689,106.890564,176.3271942,140.0016022
172.7801971,6.791995049,107.8153458,160.8413696,,,108.6768417,,163.6296234,107.0115891,176.5241394,141.29422
172.0678711,8.776820183,108.8510437,163.2998962,,,108.9664078,,166.881073,107.878952,177.2414093,139.321228
173.5150757,10.05747986,109.435173,160.6908722,,,109.1206818,,166.6783447,111.1775742,177.2044373,138.8349152
173.9090576,13.41923809,112.3436966,160.9199371,,,106.5006332,,168.6296082,114.7001038,174.6453857,138.407486
173.1142273,14.28645802,113.1327972,160.5744476,,,107.1801376,,169.3748627,115.1721344,174.3517609,138.1233673
172.6251221,13.4491272,112.7680893,161.5398407,,,104.2532959,,170.2808838,118.0508347,172.3689117,136.0921783
172.7250061,14.1381464,115.5449524,159.956131,,,99.94172668,,170.7559662,118.4362183,173.2189941,138.7360229
169.9720306,15.86749458,118.09758,160.2955017,,,99.76784515,,168.4266357,121.2103806,172.6861877,138.0251617
167.9979858,18.63080025,121.2558746,160.5316772,,,100.192543,,166.3030701,121.8397598,172.3330231,140.595108
170.9025269,19.42238426,123.1940002,162.7892456,,,100.6895523,,165.7989655,121.9689941,168.0722046,140.2029419
173.8114624,18.7120266,125.3956604,161.5343781,,,101.4295044,,165.7741547,124.0503311,162.8122101,140.3295135
173.5945129,21.99884796,122.8570023,162.1002808,,,101.7130127,,166.0198059,124.3697052,155.9816284,139.870285
176.2999573,21.77871132,122.4248505,158.2790375,,,100.0788116,,166.0377655,128.1691742,159.4128265,140.237793
176.3460541,25.86166954,124.7325287,158.7165375,,,98.18746185,,163.6443024,125.6709671,162.3508911,142.3298187
175.7940369,25.96027374,122.3021088,158.9845276,,,98.20492554,,163.2046509,125.9579163,162.4844818,145.52388
175.9085693,28.8602562,124.2218246,161.5135193,,,100.7147446,,163.4249115,123.6159821,162.4720001,145.425354
177.7454681,31.86661911,125.7176971,165.4600983,,,103.2900238,,163.4707184,123.1977692,163.4495697,137.1156158
176.6685791,31.33911324,126.3494263,167.9207153,,,102.8895493,,163.3948059,123.1218185,168.165741,139.6406708
174.2093964,33.36572647,128.9605408,165.3509064,,,103.3963318,,162.4632568,124.9981155,173.2483826,140.5013123
174.6565857,34.41066742,126.9351959,165.1737061,,,103.3830338,,162.3900146,127.5459442,173.1673584,142.5548706
175.0253143,35.26583862,128.9354095,165.2956543,,,106.5511932,,165.7005615,128.6324615,173.1159668,144.4839783
172.7031403,35.21539688,131.2563171,165.6554108,,,109.2519836,,166.0328674,126.4311905,173.3575745,146.2771301
174.8033447,33.76188278,133.5299835,163.4118958,,,111.7117615,,166.9837799,124.9162064,179.1500397,142.6723633
176.8275299,34.34647369,136.1401367,162.7417297,,,114.4444122,,169.8200378,125.6976471,178.7200623,146.1319427
176.1624451,37.37413025,138.6414032,159.3028564,,,117.1472092,,168.4505615,126.2411957,178.8717957,139.2706299
176.2837982,42.70866013,139.890564,159.2504578,,,119.5156631,,171.213089,126.9238129,178.1275482,142.4817505
176.3434296,46.32721329,142.7773743,160.3812103,,,122.2305984,,173.570343,127.1828156,178.9531555,145.7099457
176.109375,49.04162979,142.7723236,160.6655121,,,124.6144714,,173.7015533,127.1963425,178.8546143,138.2666779
177.1725311,48.44480896,145.984726,160.9271545,,,127.2333603,,175.4188995,122.1477509,183.4019165,140.1349487
180.2371063,49.48021317,148.3113251,163.7655334,,,130.3941956,,177.8855286,116.8194427,183.8114471,140.1017151
182.9462585,47.63063431,151.8694305,159.3365173,,,133.3533936,,177.3579712,116.9639816,184.1068268,137.4499359
185.6566315,47.41381073,152.4982452,159.6385803,,,136.1643677,,176.5716858,114.0222702,185.0131531,132.4906006
185.0818787,49.03939819,156.1439362,155.2926483,,,136.3007965,,175.642746,114.5850601,185.1946869,130.6144562
184.9293365,51.6824646,160.0624695,155.0112457,,,138.6469727,,176.7119293,114.806839,186.8264771,130.1266327
184.3088531,53.89577866,163.574585,150.5806885,,,141.3118134,,179.2686157,115.4894257,188.6257172,124.2466583
184.2346954,53.53458786,167.811554,150.687149,,,140.2290344,,179.6738739,118.4803543,189.1647644,119.3066177
187.2246704,56.35879898,168.2417908,153.5465393,,,143.3173065,,179.5268555,122.0480423,189.4586792,111.9758987
187.3342133,58.32684708,170.9735718,149.3573914,,,143.8084717,,182.528717,122.7740402,189.720459,111.1156464
187.6307831,61.23160172,173.3486023,152.1223297,,,143.907074,,182.5978394,125.5844955,189.9815216,103.5090637
190.6560974,64.13633728,174.91008,151.2254181,,,144.1096954,,182.6478424,128.429718,190.0631104,105.5455704
191.0276642,64.64554596,177.4042206,148.7674561,,,145.1991577,,185.1143188,128.7116394,189.9550934,100.3297348
190.8838196,65.07348633,178.0950775,149.1306152,,,144.8735199,,187.1588287,129.5102692,192.9462585,95.62895203
195.7241211,65.06620026,179.2976532,148.6349335,,,149.046402,,187.5413666,129.8256378,196.1797791,91.20435333
195.7651062,67.41099548,181.2150726,148.0055389,,,148.7171021,,187.080246,132.733017,198.933548,87.72498322
193.7492523,68.43182373,181.6209106,148.6526031,,,151.5522461,,189.4438782,136.5221252,202.3884583,86.5007782
191.4239197,68.25362396,183.3122864,148.6526794,,,155.3071442,,193.7984772,136.7672729,,86.49182892
187.8765259,70.15627289,183.9931183,149.1691284,,,155.1900177,,195.7125092,137.2287903,,87.66601563
187.9088135,69.13295746,184.4698944,149.6806488,,,156.2081909,,193.2545471,137.7264252,,86.20566559
188.0939484,71.42253876,187.1301575,150.1424561,,,160.942215,,193.6856232,140.7795868,,88.51877594
188.3531647,71.92637634,187.4140472,150.8053589,,,163.2328186,,193.5596313,140.4969635,,88.92167664
188.2152405,69.98229218,187.4061584,157.6774292,,,163.9297485,,194.1093445,143.5133972,,87.8913269
185.4180603,73.03012848,185.1253967,157.8353577,,,166.1665039,,194.276886,143.996048,,87.36737823
181.938736,75.69437408,185.3833923,158.4100037,,,164.9170685,,195.9165955,141.4964142,,86.95115662
182.2687378,74.99460602,188.3256378,158.8166046,,,167.4201355,,195.3310394,139.9263306,,89.67352295
182.7861023,74.74736023,189.122818,161.7628479,,,162.9178925,,195.2587738,141.1435242,,89.94026184
183.0073242,76.53533936,192.768158,162.091217,,,161.9595337,,195.4084778,141.1026001,,89.81702423
189.0923309,78.51566315,193.5356903,164.1939545,,,164.7114258,,193.4033356,141.5348969,,89.91174316
188.927124,81.69044495,194.4295349,163.7759094,,,168.4441833,,193.5434418,139.6525269,,90.09063721
188.8231812,82.96574402,197.9439545,163.1309204,,,165.0936279,,194.6985931,143.0754852,,90.13656616
189.0301514,82.65180969,202.0379181,163.7162781,,,164.8147736,,192.6067047,142.7479248,,90.09437561
188.9714355,85.92284393,,167.056015,,,169.3639374,,190.845932,143.6455536,,96.86714935
189.7120819,89.17473602,,169.6043701,,,174.9801331,,191.683075,144.1218109,,96.89505005
193.4087372,91.12039185,,172.2624664,,,179.0776062,,197.7682953,144.7387238,,96.60179901
194.3540039,93.90918732,,174.7258148,,,180.1971893,,197.6531525,144.6353607,,94.85677338
194.6307983,96.09480286,,175.0023804,,,184.5816345,,197.0093384,145.0740509,,95.30740356
197.8846283,94.55075073,,175.8671112,,,185.0076752,,195.9897614,145.4802551,,95.46709442
198.1730499,96.04959869,,176.6454163,,,187.875885,,195.9994659,145.4334717,,98.12924957
200.9821777,97.69971466,,176.8352203,,,190.9937439,,199.8186493,145.622879,,97.60562134
,99.20251465,,179.2782135,,,190.9346466,,199.6353149,145.915451,,98.93300629
,98.50713348,,179.5184784,,,191.707077,,197.7562256,147.9997864,,104.3425903
,101.291893,,179.9485931,,,191.547287,,198.4933014,147.5375061,,104.4308701
,103.2643127,,184.681778,,,194.6120605,,201.2065735,149.2404938,,104.4098206
,105.6212463,,184.9332428,,,190.3932037,,,153.1772766,,104.9881363
,105.422226,,185.583313,,,190.4218292,,,154.3270874,,105.5408173
,105.6996918,,185.8773956,,,191.5548096,,,158.2956543,,97.20603943
,107.1635742,,185.530365,,,191.4383698,,,161.6380768,,94.03446198
,109.8875885,,186.1808929,,,191.6988068,,,165.4944153,,91.39281464
,112.7033691,,186.3691406,,,191.9797516,,,165.6356812,,94.90358734
,114.7676315,,185.8370361,,,195.0606995,,,167.9937286,,100.0161438
,115.7783813,,185.7337952,,,195.3067932,,,171.2082367,,97.31828308
,117.8175507,,187.321991,,,196.4874268,,,171.7891388,,98.03284454
,118.067749,,188.0341034,,,196.6241302,,,171.4565887,,98.33181
,120.4555206,,187.8409119,,,196.5184479,,,174.0428619,,99.9720459
,120.0696411,,187.5668945,,,198.9130096,,,173.7854156,,98.80477142
,119.9055557,,192.0476685,,,200.4688263,,,173.314209,,96.81114197
,119.6761246,,192.1012573,,,,,,176.2447052,,99.16255951
,117.8318481,,192.2889252,,,,,,180.0723724,,99.84699249
,118.7231522,,192.4010315,,,,,,180.1081085,,99.9848175
,116.2951355,,192.1363068,,,,,,183.3716583,,99.66096497
,116.28582,,192.7682495,,,,,,184.5100403,,102.7487869
,113.4428635,,193.3835602,,,,,,182.4547577,,101.1052246
,114.9760895,,193.9469757,,,,,,185.1837158,,100.2019272
,118.048851,,195.3664246,,,,,,187.2789459,,99.07583618
,118.7946091,,195.3473969,,,,,,187.7674408,,98.59928894
,118.2812195,,199.7625427,,,,,,188.0900269,,98.45202637
,119.7974548,,200.7196198,,,,,,191.1739655,,98.13426971
,116.3124695,,,,,,,,191.0971222,,98.08986664
,116.0238571,,,,,,,,194.2168274,,96.73018646
,118.4331741,,,,,,,,193.7614746,,94.91366577
,118.6209106,,,,,,,,197.1760864,,90.45637512
,118.9687195,,,,,,,,196.1259766,,91.5495224
,118.9564667,,,,,,,,199.0000916,,88.92423248
,119.3744431,,,,,,,,198.8035431,,86.99882507
,118.838501,,,,,,,,198.259964,,87.02681732
,118.1143951,,,,,,,,201.2200012,,86.61064148
,121.9462357,,,,,,,,,,88.25968933
,122.201622,,,,,,,,,,91.92642975
,123.6055679,,,,,,,,,,91.98857117
,124.0530472,,,,,,,,,,91.6896286
,126.5149155,,,,,,,,,,91.77380371
,129.783493,,,,,,,,,,93.73303986
,130.8150177,,,,,,,,,,91.97289276
,132.7859192,,,,,,,,,,91.4468689
,129.1000977,,,,,,,,,,92.35133362
,131.4712524,,,,,,,,,,92.10948181
,131.3602295,,,,,,,,,,92.74651337
,130.4004211,,,,,,,,,,100.9185181
,130.5281067,,,,,,,,,,94.78716278
,129.2050171,,,,,,,,,,91.37182617
,128.6570435,,,,,,,,,,91.6776123
,128.6143036,,,,,,,,,,92.31928253
,127.3432693,,,,,,,,,,92.90040588
,130.6377411,,,,,,,,,,98.61546326
,131.0242615,,,,,,,,,,98.68367004
,130.9130707,,,,,,,,,,106.2637558
,130.4092865,,,,,,,,,,106.4558487
,129.8231659,,,,,,,,,,105.6205368
,130.4709167,,,,,,,,,,105.8291245
,134.3116913,,,,,,,,,,106.0520401
,135.2241669,,,,,,,,,,108.8379745
,140.1007996,,,,,,,,,,111.2611084
,142.7883301,,,,,,,,,,118.5628357
,143.7332001,,,,,,,,,,120.3626938
,143.683197,,,,,,,,,,122.5109253
,143.476532,,,,,,,,,,128.4050446
,147.3278809,,,,,,,,,,133.884903
,144.0326691,,,,,,,,,,141.4248352
,140.9793396,,,,,,,,,,145.4829407
,137.0205994,,,,,,,,,,153.0337372
,136.3113556,,,,,,,,,,153.5165253
,137.0211029,,,,,,,,,,161.3131104
,136.0190735,,,,,,,,,,169.0828857
,138.5507202,,,,,,,,,,175.7472839
,139.0881195,,,,,,,,,,181.8797607
,141.1113586,,,,,,,,,,185.2598419
,143.8112335,,,,,,,,,,185.462326
,143.8040161,,,,,,,,,,185.0190887
,146.7817078,,,,,,,,,,188.3186035
,145.0749664,,,,,,,,,,188.585968
,144.6963806,,,,,,,,,,188.3266144
,147.4801178,,,,,,,,,,185.6513062
,146.9755402,,,,,,,,,,188.8218079
,147.1380157,,,,,,,,,,189.042099
,148.0686646,,,,,,,,,,189.2975922
,148.3925629,,,,,,,,,,189.282074
,148.4700623,,,,,,,,,,189.4625397
,149.0693054,,,,,,,,,,189.6646881
,149.5388031,,,,,,,,,,189.7389832
,149.6660461,,,,,,,,,,189.6620026
,152.6663361,,,,,,,,,,189.8401794
,152.4608459,,,,,,,,,,191.0251923
,152.1863098,,,,,,,,,,188.1740417
,153.5275269,,,,,,,,,,188.4786682
,152.6127472,,,,,,,,,,190.8272095
,152.6374054,,,,,,,,,,190.9313049
,156.3633728,,,,,,,,,,191.1588287
,156.9546967,,,,,,,,,,191.148819
,157.8047638,,,,,,,,,,191.2031708
,157.2407684,,,,,,,,,,190.4195099
,159.7133331,,,,,,,,,,190.4184265
,156.7290497,,,,,,,,,,190.2076263
,156.9065552,,,,,,,,,,190.5258331
,157.4482727,,,,,,,,,,186.3818817
,155.7613373,,,,,,,,,,186.3801117
,155.9176331,,,,,,,,,,194.938385
,156.3720703,,,,,,,,,,197.7501831
,156.0097809,,,,,,,,,,200.1722565
,154.8355713,,,,,,,,,,
,155.2185364,,,,,,,,,,
,156.4822845,,,,,,,,,,
,156.2082367,,,,,,,,,,
,156.2709503,,,,,,,,,,
,155.3620148,,,,,,,,,,
,156.5253601,,,,,,,,,,
,156.6130219,,,,,,,,,,
,157.1214142,,,,,,,,,,
,159.5539246,,,,,,,,,,
,158.5290375,,,,,,,,,,
,161.9110107,,,,,,,,,,
,159.3674164,,,,,,,,,,
,162.6633911,,,,,,,,,,
,162.253891,,,,,,,,,,
,161.8669586,,,,,,,,,,
,162.0611115,,,,,,,,,,
,162.6291046,,,,,,,,,,
,162.5292358,,,,,,,,,,
,166.0650635,,,,,,,,,,
,167.2734833,,,,,,,,,,
,166.3960419,,,,,,,,,,
,163.3142242,,,,,,,,,,
,163.0527496,,,,,,,,,,
,163.4795532,,,,,,,,,,
,163.6482697,,,,,,,,,,
,164.2084503,,,,,,,,,,
,164.8705444,,,,,,,,,,
,164.393692,,,,,,,,,,
,164.3576508,,,,,,,,,,
,165.0596008,,,,,,,,,,
,165.0099792,,,,,,,,,,
,164.7499084,,,,,,,,,,
,164.7709351,,,,,,,,,,
,165.2774963,,,,,,,,,,
,165.6351929,,,,,,,,,,
,168.6738892,,,,,,,,,,
,169.3726044,,,,,,,,,,
,170.0371857,,,,,,,,,,
,170.8496552,,,,,,,,,,
,174.167572,,,,,,,,,,
,172.3270111,,,,,,,,,,
,172.8196106,,,,,,,,,,
,172.8740997,,,,,,,,,,
,174.6660461,,,,,,,,,,
,175.755661,,,,,,,,,,
,175.9182434,,,,,,,,,,
,176.2526703,,,,,,,,,,
,177.3968506,,,,,,,,,,
,177.7010956,,,,,,,,,,
,176.938797,,,,,,,,,,
,177.60112,,,,,,,,,,
,178.5221558,,,,,,,,,,
,177.910202,,,,,,,,,,
,178.4416046,,,,,,,,,,
,178.7241211,,,,,,,,,,
,179.0852356,,,,,,,,,,
,179.3421021,,,,,,,,,,
,179.0690155,,,,,,,,,,
,182.3894196,,,,,,,,,,
,185.7201691,,,,,,,,,,
,189.8700562,,,,,,,,,,
,190.5199738,,,,,,,,,,
,190.9758301,,,,,,,,,,
,194.6148529,,,,,,,,,,
,194.9090576,,,,,,,,,,
,193.0429993,,,,,,,,,,
,193.1626434,,,,,,,,,,
,193.014267,,,,,,,,,,
,193.7522125,,,,,,,,,,
,194.2528076,,,,,,,,,,
,196.6022186,,,,,,,,,,
,194.3396149,,,,,,,,,,
,194.6995087,,,,,,,,,,
,195.3989868,,,,,,,,,,
,195.764801,,,,,,,,,,
,198.7554016,,,,,,,,,,
,201.5492554,,,,,,,,,,
