Small_Model_Run_1,Small_Model_Run_2,Small_Model_Run_3,Mid_Model_Run_1,Mid_Model_Run_2,Mid_Model_Run_3,Large_Model_Run_1,Large_Model_Run_2,Large_Model_Run_3
0,0,0,0,0,0,0,0,0
-82.1169281,-107.7930145,-202.447998,-84.03496552,-33.03117371,-48.42871857,-70.23071289,-69.06221771,-187.7726135
-132.7867432,-109.2055511,-173.0712585,-92.13388824,-43.69202042,-87.18669891,-154.3453674,-145.8742676,-168.4769287
-122.745697,-111.8372803,-204.8854218,-119.5213394,-102.699295,-36.90435028,-142.364502,-134.6590576,-148.4746552
-120.7608948,-107.4049683,-200.171402,-120.3722534,-108.8960876,-41.4102478,-202.0420532,-143.3287506,-170.1122589
-122.689064,-154.7962952,-237.806427,-150.8051453,-90.52036285,-43.08257675,-189.3453217,-138.6704102,-200.5033722
-126.8339996,-149.6750183,-226.2628326,-174.5717468,-85.75372314,-89.56248474,-175.2478943,-131.8950653,-194.5985718
-122.712944,-163.06604,-211.2013245,-168.1828308,-122.340004,-91.97969818,-170.5449677,-161.6185913,-180.0883789
-137.410965,-165.849472,-198.6265869,-182.3478851,-120.1440964,-89.68006134,-151.2659912,-151.1743927,-184.7803345
-133.5603485,-162.7610931,-198.7374573,-172.4690704,-115.4746933,-108.9515228,-154.104248,-155.5040131,-198.2141113
-135.3463593,-159.9664459,-196.1643372,-164.6132813,-121.3106537,-125.9336929,-159.1413727,-154.2106018,-226.1612396
-131.1883698,-156.8686371,-187.5180054,-153.902359,-122.7570038,-146.3438263,-155.3988342,-146.4780273,-214.8208008
-126.7650375,-154.4996796,-202.1750336,-151.6863251,-126.0742264,-140.8983459,-141.7172089,-144.9405212,-223.1990356
-136.7032318,-172.0612183,-208.7525024,-143.5306549,-127.8564301,-138.3001556,-138.2189789,-146.940979,-229.2188873
-136.081131,-164.2602386,-208.9858704,-140.626297,-127.6999435,-133.1792755,-138.182663,-156.410202,-223.6055298
-132.3717804,-157.6665497,-203.8146057,-139.6010742,-148.9745483,-131.3676453,-135.0000916,-157.2840576,-218.6951904
-143.1987305,-150.9983826,-199.5606995,-142.2308044,-151.7984467,-127.3818436,-137.911438,-158.2150116,-213.2621307
-140.6731873,-159.5050507,-202.3982086,-137.171463,-162.2498474,-124.5925522,-141.7377319,-164.1410828,-206.0846558
-138.8906403,-159.403656,-192.6671753,-141.3894958,-164.4968872,-121.6720123,-143.492691,-167.0992279,-200.9574432
-144.3223419,-159.1392059,-197.6700439,-143.8889771,-174.2418365,-131.6007843,-141.4321594,-166.5952606,-194.1390381
-135.9324036,-159.0438995,-199.2120056,-143.2081146,-173.3263092,-132.3939209,-138.4969025,-162.5352325,-189.2301178
-135.9336243,-159.1618652,-202.4892426,-145.3001709,-168.5160522,-133.1889648,-139.1300659,-161.4034119,-186.2897644
-133.9483948,-157.5417175,-194.354599,-141.3640594,-166.3100891,-133.5640106,-136.446167,-162.6099548,-184.023819
-133.4971466,-158.4945068,-193.3441772,-138.7613983,-165.6585388,-130.8758392,-138.442627,-157.1541901,-179.6301422
-132.5753632,-164.1776428,-198.1717529,-147.8688507,-161.0965424,-131.2523956,-139.0066071,-153.1054077,-177.1487732
-129.8513641,-166.5496826,-195.5156555,-147.2774353,-157.4473572,-130.8634186,-137.1540375,-151.2697144,-174.5951385
-135.3070221,-171.4514313,-190.298172,-143.1568909,-161.11763,-128.5419312,-135.1356812,-149.0535736,-166.6085663
-143.7590637,-170.2489319,-188.8459625,-142.4714203,-161.9992981,-130.098114,-134.7624817,-147.6867676,-166.9676361
-148.4772644,-174.8701477,-185.1200714,-140.1436768,-160.2482758,-128.26091,-133.8586578,-148.61026,-163.7314301
-154.9694824,-170.8200531,-191.0300446,-138.2992096,-160.521286,-128.9240265,-133.6279602,-153.6988678,-164.4152222
-156.3363495,-173.6973114,-188.4020691,-136.5202942,-159.5403595,-129.1538849,-133.8445435,-154.1425781,-162.4051208
-165.4757843,-176.812973,-192.4266815,-132.5576782,-159.9653625,-128.3240204,-134.5469055,-156.1950378,-158.304657
-164.0406342,-182.0331268,-196.2078705,-132.1097107,-158.120224,-126.7316666,-132.9107819,-152.8887939,-156.2866058
-161.9779358,-179.3882141,-191.6409454,-130.5428925,-158.7470245,-126.1051559,-137.0160828,-154.8700409,-155.3556061
-159.2222137,-176.5292816,-187.6518707,-129.3775177,-157.8927917,-127.4767075,-135.6113739,-156.8474426,-154.4779968
-157.5023193,-175.3830566,-189.3749542,-128.2675171,-156.9998932,-126.0728531,-134.8000793,-155.8628082,-153.6855621
-159.8751221,-175.8100586,-189.4367523,-127.9549103,-155.9638062,-124.7419968,-134.8448334,-153.7943878,-152.5936432
-160.6034241,-173.156189,-185.5717468,-127.2915268,-154.3538513,-123.9506683,-135.1114044,-156.481842,-150.9862823
-162.380127,-170.841507,-185.8847809,-127.4455566,-153.8579865,-123.3429718,-133.3943176,-156.2539978,-154.2292938
-160.9209747,-175.1509399,-184.9629974,-126.2869949,-153.6275177,-124.4140472,-133.2339783,-158.3765869,-154.0820618
-162.3830872,-173.3314514,-184.7205811,-126.5094147,-151.8913727,-124.0450211,-133.2768555,-154.1863708,-153.4287415
-160.0432129,-171.3427124,-186.9024963,-124.2805023,-149.9433441,-123.0139847,-132.2137146,-153.8041687,-155.6355743
-160.4115906,-169.7142639,-184.3071747,-123.2504425,-148.5742035,-120.5648346,-134.2470551,-152.2161102,-154.8449249
-158.5756073,-168.294693,-184.3550262,-128.1749268,-145.2492371,-119.4272385,-135.2950592,-149.5825958,-153.1447906
-157.2541504,-165.9086609,-182.1717834,-133.0691223,-144.0732422,-118.9655304,-135.349823,-146.706192,-152.0518951
-153.7806091,-163.3511353,-181.5012512,-133.0384521,-143.5055237,-118.8175507,-134.3420563,-145.6067352,-150.5193634
-152.7021637,-163.159729,-180.8527832,-132.2309723,-143.5068207,-125.0771561,-133.5747681,-143.9295654,-148.7212372
-151.2866364,-161.5078735,-185.25,-131.5567169,-140.3352661,-124.2213058,-134.0870056,-143.3285675,-148.1328583
-150.4474945,-161.1430969,-184.5898438,-129.8951416,-139.098999,-123.8073273,-130.7939758,-140.3844147,-147.9821625
-149.7768707,-163.3582916,-184.3423157,-128.1936188,-137.0515594,-122.7556915,-129.8386688,-136.8669128,-146.5428162
-150.5295715,-163.3168945,-182.5293732,-126.6413422,-134.9859619,-122.1199493,-129.0861206,-136.0113525,-144.5086975
-150.6833344,-164.0179138,-180.7353668,-125.7904434,-133.3308105,-121.2944946,-126.4360657,-134.3368225,-143.5339355
-149.792572,-162.6497192,-177.0552216,-124.7167206,-132.8032532,-122.0136871,-125.0179977,-133.1299744,-142.0730591
-148.5433807,-160.77034,-175.245575,-123.920723,-132.5624695,-120.6399307,-124.469101,-132.1329651,-141.4108429
-148.5695953,-159.7587585,-174.3918915,-123.1530914,-131.3836823,-120.1377182,-123.0559235,-130.8779449,-141.148468
-147.538147,-159.4194031,-172.4148865,-123.0364914,-132.3916626,-120.0614319,-122.2244568,-130.1765289,-140.9125366
-146.3772736,-158.2794189,-172.9436646,-121.0667648,-131.6854706,-120.2847443,-120.8099823,-127.9555969,-139.5428772
-145.8434296,-157.6772308,-171.4606934,-120.7557983,-130.9912262,-120.2854691,-120.2184753,-127.0009766,-137.7390289
-144.7087402,-156.5392609,-171.0300293,-119.6530838,-127.9957352,-119.2958069,-120.3521347,-127.5084,-136.2529907
-143.4879761,-157.4898987,-169.7557373,-118.8207703,-126.9391785,-118.5486526,-121.3105087,-126.6238708,-135.5669098
-143.1373138,-158.0175781,-168.754837,-119.4889679,-125.9048004,-118.4466171,-120.6217117,-125.7984924,-135.0840912
-143.5930481,-156.495697,-167.1900177,-118.8433228,-125.8639526,-117.3939362,-120.2778625,-128.6380005,-134.8705292
-143.5605927,-154.6371155,-167.6940308,-117.5099945,-124.0164032,-116.6590424,-119.2500687,-127.8650589,-136.0576477
-142.6100464,-152.4816589,-165.0118408,-117.6872482,-123.3942642,-115.1386032,-120.3353577,-127.9989243,-134.8369751
-141.3852234,-151.5952759,-164.7532043,-116.354599,-122.6491089,-114.217392,-119.8233871,-127.4748383,-133.6967773
-140.2395172,-151.6530151,-163.5549316,-114.9580307,-121.9787445,-114.1652069,-119.4730759,-125.9153442,-132.4902954
-137.9041138,-150.5533295,-161.307663,-114.1582336,-121.6058731,-113.4950104,-118.7307968,-125.1890106,-131.6599426
-136.4822845,-149.9280701,-159.8051605,-114.4807663,-120.8924255,-112.3800812,-118.2326355,-124.7238846,-131.3401489
-135.9785614,-150.7979126,-158.4554138,-113.6826248,-119.7798386,-111.0673141,-118.0037155,-123.6373825,-130.2757874
-133.2011261,-149.0661621,-157.3944702,-112.4645615,-119.1811752,-112.0274277,-116.4069214,-122.9536743,-129.0965118
-132.7724609,-147.8858795,-156.9179688,-112.2869186,-118.6187668,-111.6831207,-116.0567856,-122.5978775,-128.9618683
-131.9459991,-145.935379,-155.319458,-110.7686615,-118.578804,-111.0563354,-115.1841354,-122.497879,-128.3930054
-132.0174103,-145.6660461,-153.9968567,-111.0077591,-117.3058395,-110.6318283,-114.2629166,-121.2725143,-127.0395355
-131.3315887,-144.397171,-152.2563934,-109.8407745,-118.0636063,-110.1266556,-113.4003296,-120.6736526,-125.2648392
-130.9122925,-144.0046692,-151.2557373,-109.7801285,-117.3853226,-109.6708145,-114.6921692,-120.0387878,-124.4396973
-129.5556946,-146.6864471,-149.9321442,-109.6847229,-116.5177307,-108.8672791,-113.3592987,-119.9953842,-124.50914
-128.8572693,-145.6244659,-148.2594757,-110.2068405,-115.6557236,-107.3233032,-113.3072891,-119.428978,-123.5337677
-129.4663849,-144.6426544,-147.3141785,-109.9182129,-115.3217316,-106.7084808,-116.2762299,-118.9963608,-123.4483566
-129.2052612,-143.9274139,-147.7242584,-109.4879379,-115.1391754,-106.6860352,-116.4396515,-117.988945,-121.9828186
-128.9135132,-143.3921509,-146.5713654,-109.1779938,-114.3143387,-106.062973,-116.3772736,-117.8429871,-120.2514267
-128.3277588,-142.5323944,-146.5366821,-108.7823105,-114.5879288,-105.6753311,-115.2338104,-117.2978668,-120.3027039
-127.1815796,-142.6863098,-145.4242096,-108.6819534,-113.7986603,-106.0045013,-114.7325821,-117.1873398,-120.4656677
-126.5303574,-142.0091095,-144.8857727,-107.7816315,-113.8618774,-106.0468597,-114.2635956,-116.4351273,-119.6078796
-127.1382217,-142.483017,-144.4084167,-107.2740784,-113.7703781,-105.6235275,-113.2566147,-116.4285812,-121.3915024
-126.8683701,-141.1338196,-143.5300903,-107.79319,-113.4848557,-105.2861023,-113.0586014,-115.9288864,-121.339798
-127.0225296,-140.5045471,-142.5650635,-107.459259,-112.4467087,-105.0511627,-112.9046936,-115.4035873,-120.5185852
-126.4830399,-139.710022,-141.3632202,-107.0181961,-112.4450378,-104.1765442,-112.4018173,-115.0507889,-119.9064636
-125.7899017,-138.7108917,-140.2655487,-107.3094254,-112.2923355,-103.7549362,-111.1948929,-115.0803909,-119.465683
-124.9100113,-137.2571716,-139.7566833,-107.517395,-111.5634995,-103.019104,-111.1157913,-115.128479,-119.4445877
-124.8611984,-136.4349518,-138.8339844,-107.9266739,-111.0209885,-102.9079132,-110.6548386,-114.1124344,-118.5504227
-124.1488647,-136.0181274,-138.2600403,-106.9862061,-110.270607,-102.3330612,-110.2977905,-113.4476471,-117.6937332
-123.7692871,-135.5350342,-138.8889465,-106.2211304,-110.7485046,-102.5447464,-109.997818,-113.4462891,-117.242836
-122.8625107,-134.5032806,-139.8897552,-106.1500168,-110.3782959,-101.8161087,-109.5945663,-113.7337952,-116.9393692
-121.9764404,-133.5207977,-138.5888214,-105.879425,-109.9456482,-101.8287582,-110.560585,-113.8530579,-116.7729492
-121.1228867,-133.2362213,-138.5568848,-105.6185989,-109.1615524,-101.1851654,-110.4103088,-113.5881805,-116.3961487
-120.8272324,-132.7727661,-137.7622375,-105.2787399,-109.1788254,-100.3084488,-110.2467575,-113.1154861,-115.9085236
-120.6380005,-131.7246857,-137.5644836,-104.7637558,-108.5063095,-100.9700851,-109.1838989,-112.5169754,-115.4954605
-120.9755096,-131.645752,-137.9065857,-104.2954254,-108.1637344,-100.1988297,-109.0298462,-112.294754,-114.6735764
-120.7566452,-130.8074341,-137.6970215,-103.7120056,-107.6447067,-99.89939117,-108.8075714,-110.731842,-114.3023987
-120.6749496,-131.5375519,-137.6259918,-102.9527283,-107.4275513,-99.3359375,-109.1843109,-111.4802399,-113.7064209
-122.7397003,-130.6829224,-138.6316071,-104.3923874,-108.5388184,-101.401001,-110.2289276,-111.0271835,-114.3758545
-121.7902527,-129.5877533,-135.0362396,-103.6892471,-108.5832901,-100.791748,-109.5982285,-109.823761,-110.1608887
-119.6745987,-129.3284607,-134.8882904,-103.0896683,-108.4215927,-101.3287506,-107.501503,-109.4045105,-109.3815765
-118.9738617,-129.389801,-133.4950867,-102.0834274,-105.7349854,-103.3681641,-107.5119019,-109.6917801,-108.5908813
-117.7725067,-129.7162933,-132.0771332,-101.2466125,-107.6183395,-103.3145905,-104.8928452,-107.8545609,-105.9361191
-116.8469162,-125.38517,-128.4708557,-98.81445313,-108.3762741,-102.7906342,-104.7943802,-107.0847473,-102.9408417
-117.1429214,-124.796669,-127.4782639,-95.85109711,-107.9575882,-99.77548981,-105.6433487,-106.4435349,-102.6857376
-117.7122269,-121.5927811,-126.9225006,-94.87020111,-105.0607376,-99.20463562,-104.9735107,-102.7784119,-102.6506271
-115.7859192,-121.2141113,-127.070076,-92.63827515,-104.4196167,-99.06308746,-104.8863449,-102.8446503,-100.7378387
-115.2258987,-120.6730118,-125.2155533,-92.37425995,-103.4669724,-97.08816528,-105.0453568,-100.9623184,-98.45522308
-113.9009933,-119.6180344,-123.7470703,-92.80853271,-102.2361984,-94.09638214,-104.135376,-99.93088531,-93.70774078
-114.2200165,-118.5628204,-123.6554718,-93.01500702,-101.3187561,-91.01274872,-103.6524048,-99.59002686,-93.54067993
-115.0712509,-117.4805832,-120.1936188,-92.00746155,-100.2357559,-90.75810242,-104.3630753,-99.02270508,-91.08950043
-112.7957611,-114.2060776,-117.3652191,-92.27224731,-98.93994904,-90.47942352,-104.2137451,-97.38644409,-88.00520325
-112.7230377,-114.2020416,-115.994545,-91.87108612,-98.38095856,-90.55545044,-103.4503326,-95.62502289,-87.04184723
-112.719429,-114.55336,-115.1371002,-91.09947205,-95.43939209,-89.6787262,-103.3957748,-94.72806549,-85.53930664
-110.3503036,-115.7667999,-114.397522,-88.98167419,-95.71664429,-88.99588776,-101.9163589,-93.96846771,-85.10905457
-109.9321136,-113.7258987,-112.0334854,-88.81195831,-93.00653076,-88.65509796,-100.4060135,-92.03533173,-84.58560181
-109.0200806,-113.8503876,-112.3258362,-87.44779205,-91.58925629,-88.16814423,-98.39881897,-90.45269775,-83.35883331
-106.8017578,-113.3444977,-109.9692459,-85.99822235,-88.11965179,-85.38407898,-97.81187439,-89.43833923,-83.34355164
-107.8990097,-112.7013474,-108.3094101,-85.19491577,-87.59872437,-84.11737823,-99.20939636,-88.68571472,-83.14079285
-106.5465851,-111.7502213,-106.896759,-84.09603882,-88.06742859,-84.53106689,-100.7362595,-87.75714874,-82.3780365
-106.0996017,-111.0875473,-108.0802689,-83.97115326,-88.00338745,-83.26944733,-100.5176849,-87.13250732,-81.71445465
-105.326416,-110.4277039,-107.328331,-83.60144043,-87.39703369,-82.80233765,-98.84461212,-86.88690948,-80.72254181
-105.1980057,-108.1101761,-104.2462158,-79.83556366,-87.76837158,-81.70041656,-98.86393738,-86.84922028,-80.3086319
-105.2213287,-106.3865814,-104.5951385,-79.43815613,-88.85293579,-81.02733612,-98.03642273,-85.9852829,-79.34443665
-103.0563812,-103.6809387,-106.5323181,-80.15083313,-86.3819809,-81.26948547,-97.73838806,-85.08628845,-79.79969788
-99.51691437,-102.7901611,-107.0391235,-78.74539948,-85.06912994,-79.70587921,-96.40659332,-84.45578003,-78.98886871
-98.43547821,-101.8020706,-106.0911331,-77.99752045,-84.76522064,-81.13376617,-96.29196167,-82.18701172,-78.73714447
-95.47409821,-101.1870117,-103.4590607,-77.72501373,-83.76372528,-79.90157318,-96.47242737,-79.35977936,-77.51226807
-93.59702301,-100.3629837,-102.4563675,-77.50222778,-82.64651489,-78.88552094,-97.61338043,-77.78557587,-78.59554291
-90.19654846,-98.64651489,-100.7634659,-78.3286972,-81.00234985,-78.01103973,-96.6160965,-76.21647644,-78.25431824
-89.4078598,-95.95858002,-97.62736511,-77.61030579,-80.67839813,-77.9574585,-97.21928406,-75.97781372,-77.53773499
-88.68631744,-96.66487122,-98.22387695,-77.45630646,-79.277565,-77.57337189,-95.87909698,-77.22573853,-76.25406647
-88.78567505,-97.14757538,-98.54624939,-77.26073456,-77.8703537,-76.81041718,-95.40302277,-75.83112335,-75.1534729
-89.97845459,-97.1180191,-97.01043701,-76.50092316,-76.7215271,-76.53472137,-95.07396698,-75.27272034,-74.24282837
-88.63908386,-96.24809265,-95.82598877,-75.76157379,-76.01950836,-76.29576874,-93.56919861,-74.95563507,-73.69135284
-89.07208252,-96.13877106,-97.85561371,-75.60286713,-76.19367218,-75.53833771,-93.20279694,-72.63456726,-72.83518219
-87.61649323,-97.24586487,-95.83686829,-74.42897797,-74.99056244,-74.40468597,-93.27680206,-71.69688416,-71.413414
-88.05950165,-94.60543823,-95.29573059,-74.21496582,-74.2751236,-73.13610077,-92.59883118,-69.89434052,-70.09104919
-86.9276123,-94.42867279,-94.67333984,-74.34713745,-73.07012177,-72.54485321,-91.54653168,-70.04106903,-69.07241821
-87.24840546,-93.9775238,-93.82711029,-73.89286804,-73.77724457,-71.65719604,-91.00743103,-71.45101929,-67.81542206
-86.66638947,-93.02565765,-95.08547211,-73.64399719,-73.40009308,-71.66127014,-88.87740326,-71.38866425,-67.02392578
-87.46440125,-93.05149841,-94.17051697,-72.47138214,-74.00701904,-71.55487061,-86.80405426,-71.40010834,-66.76351929
-87.17980194,-93.61693573,-95.46202087,-69.53594971,-73.66561127,-71.12109375,-85.407547,-71.6312561,-66.13529968
-88.51057434,-94.14186096,-95.17203522,-70.10032654,-74.43526459,-70.34553528,-85.32256317,-71.25411987,-65.54803467
-87.99954224,-93.49971008,-94.01088715,-69.53362274,-74.45703125,-66.05222321,-84.33672333,-70.91503143,-65.90148163
-88.30340576,-92.58161163,-91.37490845,-71.27435303,-75.17830658,-65.92316437,-85.29866791,-71.78559113,-66.58133698
-87.9444046,-91.32852173,-90.85691071,-70.54431152,-74.22872162,-65.53551483,-85.58477783,-72.39861298,-65.719841
-86.90872955,-89.47073364,-89.83602142,-70.44792175,-73.68206024,-65.95291138,-85.04325867,-73.90454102,-65.51738739
-85.55435944,-89.05116272,-89.75637054,-69.75009918,-73.76548767,-65.32028961,-84.80358887,-73.53527832,-65.03220367
-84.23213959,-88.0242691,-89.36715698,-69.21941376,-73.89542389,-65.13781738,-84.75975037,-73.0493927,-64.32953644
-83.36248779,-89.13470459,-90.35611725,-73.53884125,-72.85127258,-64.48127747,-83.51787567,-74.52575684,-63.68006897
-82.69831848,-90.23309326,-90.11504364,-74.18283081,-73.26585388,-65.05323792,-82.75393677,-73.9650116,-63.29579163
-81.87343597,-91.25921631,-90.37575531,-73.79044342,-72.59234619,-68.10204315,-82.87591553,-76.27378845,-61.73525238
-82.50285339,-91.92020416,-92.66433716,-73.96141052,-71.0708847,-66.93063354,-83.1434021,-75.72541046,-60.88642502
-82.24647522,-93.99666595,-90.64302063,-74.02593231,-70.65537262,-67.67443085,-83.59278107,-75.86800385,-61.0255127
-83.04489899,-95.03634644,-90.40297699,-73.43840027,-71.77809143,-67.0639267,-83.3245163,-75.45448303,-62.4192009
-82.4644165,-95.90164185,-90.17345428,-74.52098846,-71.89398956,-66.16269684,-82.90696716,-75.08091736,-63.06633759
-83.6536026,-95.62286377,-94.00711823,-75.76207733,-71.71200562,-68.00593567,-80.7562561,-74.18051147,-62.15435791
-83.172966,-94.76499176,-93.36578369,-74.39630127,-72.30267334,-67.10329437,-81.94409943,-74.81152344,-61.31548691
-82.22392273,-94.30443573,-93.39341736,-73.70465851,-72.50046539,-68.63529205,-81.60773468,-72.01306915,-59.07566833
-82.40335083,-94.17636871,-92.3567276,-73.46544647,-73.37428284,-68.36008453,-81.65333557,-71.05226135,-57.74694443
-81.75268555,-94.9637146,-93.82460022,-72.49754333,-73.37582397,-70.93261719,-79.79586029,-70.18888855,-57.46797562
-82.41253662,-95.33065796,-93.13375854,-72.08747864,-72.81452942,-72.38079071,-80.81189728,-69.4230957,-57.2963829
-83.20293427,-94.62200165,-93.61103058,-72.39254761,-72.7694931,-72.29108429,-80.08416748,-70.68080902,-58.93351746
-85.37774658,-95.66830444,-94.30445862,-72.29247284,-72.40736389,-71.70861053,-79.05052948,-70.91973877,-58.94955063
-86.42008209,-94.95152283,-95.96212006,-70.75408173,-74.43838501,-71.20301056,-78.59436798,-70.52199554,-57.10918045
-86.572258,-93.66242981,-96.909729,-71.43437958,-75.22580719,-71.33764648,-79.43306732,-70.47704315,-56.37614059
-88.31114197,-93.71098328,-97.15827942,-70.35112,-74.98197174,-69.80974579,-79.97782135,-70.08302307,-56.49845886
-90.05051422,-93.98675537,-98.41023254,-69.86897278,-74.53890228,-68.95458221,-78.4981842,-70.04173279,-57.07089615
-89.99281311,-95.10892487,-100.3259811,-69.82888031,-73.82388306,-68.59347534,-79.61943817,-69.21829224,-55.7743187
-90.72992706,-95.01145172,-100.9664459,-67.34862518,-73.86585999,-68.00128174,-80.34109497,-69.14645386,-56.49763489
-91.52858734,-95.47019958,-101.8184662,-67.53274536,-72.45485687,-67.03772736,-79.87314606,-68.13607788,-57.39214325
-91.67021179,-95.1014328,-102.1180191,-65.62154388,-72.4136734,-65.97259521,-77.77701569,-68.15518188,-56.86350632
-92.87901306,-94.25173187,-102.7537994,-65.06941986,-71.96817017,-67.04241943,-77.56199646,-67.43956757,-54.94760513
-92.11438751,-94.77772522,-103.4968796,-64.61713409,-71.78922272,-66.91439056,-76.44335938,-66.43135834,-54.67432785
-91.30344391,-94.34155273,-103.7609482,-64.14505768,-71.4296875,-66.22460175,-73.43695068,-65.10531616,-53.96442032
-90.94076538,-93.7534256,-103.2633362,-64.09449768,-70.68412781,-65.57134247,-72.60131836,-64.98067474,-53.51479721
-91.01735687,-94.5124054,-103.0468369,-64.412323,-70.92749023,-65.64057922,-71.58287048,-62.17396927,-53.62316513
-91.63928223,-94.29701233,-103.0990143,-65.10456848,-70.04238129,-64.47717285,-71.48446655,-62.86470413,-52.78609085
-92.65777588,-93.28451538,-103.7954178,-63.91298676,-70.03411102,-64.415802,-70.33030701,-61.61870956,-51.91354752
-93.62654114,-92.80019379,-104.4445953,-64.49852753,-69.56330109,-61.78534317,-72.21835327,-62.79361725,-50.60961914
-93.45864868,-91.30161285,-104.0578308,-63.66446304,-68.99998474,-59.96495056,-71.31357574,-63.77328491,-47.60044479
-94.0129776,-91.2898941,-103.8058624,-61.87764359,-68.09722137,-58.44855881,-71.08424377,-63.72959518,-45.83127213
-94.23988342,-91.22953796,-104.1068268,-61.40551758,-68.13069153,-59.40587234,-70.08533478,-62.54982376,-44.79112625
-94.32120514,-91.27727509,-104.7279816,-60.81079483,-67.07756805,-60.82437134,-69.19620514,-61.57757187,-44.43601227
-93.87290955,-91.50322723,-104.8503952,-59.41307068,-66.49633026,-58.47743988,-68.63674927,-60.6308136,-42.69132996
-94.37818146,-91.73786926,-104.2026443,-58.79131317,-66.44377136,-56.11930847,-67.27331543,-59.62358475,-40.39999771
-94.2306366,-92.13457489,-104.2757263,-57.41866684,-66.22382355,-53.01118851,-68.81820679,-59.71834946,-39.2277298
-95.00310516,-91.76276398,-103.6843033,-57.41014099,-66.29189301,-49.76959991,-67.9708252,-58.72240448,-38.18089676
-95.51654053,-91.57588196,-102.4930344,-59.73138428,-65.29535675,-45.65342331,-66.17326355,-57.39900589,-35.81412125
-95.71544647,-91.73805237,-100.9173965,-59.41349792,-64.83866882,-43.99094009,-65.13166046,-55.85387039,-33.8957901
-96.36533356,-92.12265015,-100.8965607,-59.22750854,-64.35646057,-43.84871674,-62.76671219,-53.84081268,-31.7710495
-96.18279266,-91.91281128,-100.1248779,-58.81518555,-64.67456818,-43.1604538,-61.165905,-53.33089066,-29.43099213
-96.03475189,-91.55905151,-100.2085342,-58.54131317,-63.88566208,-40.27458572,-60.02473068,-53.04463577,-26.79502678
-95.86382294,-91.71855927,-99.50164032,-58.79247665,-63.84107208,-35.76213455,-58.94327545,-52.5226593,-24.74267197
-94.6614151,-90.91782379,-98.15032196,-60.47941971,-63.33261871,-34.65660858,-57.65352249,-52.06518555,-23.12760353
-94.08580017,-91.06352997,-97.63739777,-60.50180817,-62.71915817,-32.61004257,-55.69072723,-52.02996063,-20.93888474
-94.54746246,-91.12407684,-97.1468811,-60.45895004,-62.06719589,-31.48105812,-54.01357269,-51.69623184,-18.65239906
-92.87438202,-90.67654419,-96.65365601,-59.21002579,-61.24452591,-26.52756119,-52.29460144,-52.79837799,-16.82659721
-92.42633057,-90.45909119,-96.73142242,-58.51068497,-61.13961792,-23.27941895,-50.46219635,-52.76030731,-15.97057915
-92.53233337,-90.15216827,-96.46818542,-58.42995071,-61.04962921,-19.89649391,-48.04636002,-49.79784393,-13.71390915
-92.6384964,-89.40934753,-95.79091644,-59.5256424,-61.40673447,-17.5591507,-46.19677353,-47.31396103,-12.24400902
-92.5158844,-88.67443848,-96.77809906,-59.28725052,-58.32208633,-14.04170895,-43.40939713,-47.6050148,-9.706471443
-92.45498657,-88.93725586,-96.96389008,-58.4919548,-58.09179688,-14.13866615,-40.89265442,-46.26451874,-7.351328373
-90.70797729,-88.79222107,-96.68942261,-58.57965469,-58.23046112,-11.37173939,-39.0249176,-45.79003143,-4.900435925
-89.38549805,-89.57110596,-96.49377441,-58.22615814,-57.87530899,-11.36946583,-37.27383804,-44.28007126,-2.967458487
-89.29647064,-88.7448349,-95.44876862,-57.91820145,-57.46998978,-8.149305344,-34.42937088,-42.07704163,-0.3768484
-88.33327484,-93.19261169,-96.39321136,-57.30996704,-57.98332977,-4.50994873,-32.42786026,-39.66800308,3.119990349
-87.94792938,-93.27550507,-96.33084106,-56.1462326,-56.15915298,-7.354503632,-31.58023643,-38.21590424,6.065391541
-87.09895325,-93.26034546,-96.14467621,-55.84877777,-55.63449097,-7.896445751,-31.06739426,-37.92895126,9.510293007
-83.88045502,-93.42198944,-96.02283478,-55.26731873,-55.0338974,-8.854017258,-31.05151939,-37.69847488,10.87394524
-84.16801453,-92.99703217,-96.16806793,-54.87243652,-55.19286346,-5.543645859,-28.9002037,-35.99204636,13.48894024
-82.97753906,-92.85289764,-96.13720703,-54.54096603,-52.57339859,-6.297480106,-26.56043053,-32.82202911,16.67149734
-82.78710938,-92.49980927,-96.41819,-54.33093643,-51.18832397,-7.05197525,-22.84747505,-29.39218712,19.48272514
-81.78459167,-91.48423767,-96.70946503,-54.76429749,-49.37662125,-4.418406963,-20.5605278,-28.51000786,20.77897644
-82.08476257,-91.18891907,-96.96046448,-54.61774063,-48.84625626,-1.548966527,-17.90480614,-25.93433762,23.7822361
-82.63192749,-90.33470154,-97.19309998,-53.33930206,-48.51520157,1.216610312,-15.67368603,-25.80807686,23.68160439
-82.75630188,-90.14813995,-96.93060303,-52.96553421,-48.51367569,4.112278938,-13.4634285,-23.60631943,24.33663559
-82.02937317,-89.4499588,-96.68717194,-52.63491821,-47.56015015,5.372835159,-8.452414513,-20.5339756,22.58600426
-82.09835815,-89.05386353,-95.46353912,-52.07950211,-46.34882736,9.713942528,-6.153042316,-18.36399078,22.29215431
-82.26586151,-89.14208984,-94.81938171,-51.37212372,-45.4849205,8.602343559,-2.903946161,-14.80352688,23.545681
-81.89411163,-88.5679245,-94.36193848,-51.14561462,-44.65389252,9.092335701,-4.164915085,-15.58803844,25.62902832
-81.5657959,-87.96217346,-94.93810272,-51.03136063,-43.74845505,9.479010582,-0.834387243,-14.48098373,28.95547104
-81.04193115,-87.79139709,-93.77720642,-50.35838318,-42.56214142,12.91512012,-1.535407782,-11.88902283,31.41901779
-80.95506287,-87.7178421,-91.62579346,-48.97027206,-42.28286362,12.96953106,-0.635667741,-13.17651558,34.10764313
-81.29508972,-87.97522736,-90.03855896,-50.87657166,-41.74644852,12.32035732,1.416046977,-16.16456604,36.87726593
-79.6710434,-86.16197968,-90.16176605,-49.266922,-41.0970993,14.30232906,1.454193592,-13.98876667,39.7921257
-79.76502991,-86.95279694,-89.4250412,-46.62945938,-40.98860168,14.57118416,1.42557323,-11.55802727,43.30975723
-80.01058197,-85.4973526,-89.53634644,-45.49790573,-40.01722717,17.18863678,4.306951523,-8.856739044,45.93403244
-79.08670044,-84.67003632,-87.88461304,-45.77042389,-40.02036285,16.68082237,6.562591553,-8.973423004,48.54141998
-78.71934509,-86.63825989,-88.13071442,-45.01623154,-39.59534073,20.29543304,10.28598785,-6.165352821,51.24003601
-78.57866669,-85.36340332,-87.69490814,-45.06235123,-38.6598587,20.9563694,13.48878384,-0.692446768,53.5213356
-78.19763184,-84.51426697,-87.06937408,-42.43645477,-39.14722824,21.79522514,12.61300468,3.185083628,56.27853394
-76.55086517,-83.73044586,-86.64783478,-42.58798981,-39.38435745,24.89032555,12.79543972,5.972771645,58.79124069
-76.19827271,-83.79377747,-86.19976044,-43.21292877,-39.06634903,28.26105309,11.82766342,8.693037987,62.20095825
-74.60174561,-83.94663239,-83.80897522,-42.0414238,-35.2859726,30.06996155,13.82556248,7.926677704,62.13785172
-77.9123764,-82.51635742,-84.58057404,-42.38174057,-35.3740654,27.86180687,13.96429062,10.4262085,61.64630508
-76.83325195,-81.91586304,-84.05180359,-42.02576065,-34.94177628,30.84952354,12.38063526,13.39499855,64.16680908
-76.38387299,-81.7758255,-83.77133179,-40.84115982,-33.59069443,29.03081703,14.91405582,15.87815189,64.66629028
-76.485466,-81.54927063,-82.33084869,-41.59786224,-32.39984894,29.42112732,13.92370033,18.18650055,68.80487061
-75.41294098,-81.45464325,-80.74044037,-39.053936,-29.57368279,32.04832458,13.35541821,21.82499695,71.66530609
-74.37552643,-80.83155823,-80.20834351,-37.14455414,-29.64167786,35.39071274,15.16016006,24.90811348,74.11981964
-73.57857513,-80.03208923,-78.55218506,-37.18661118,-26.61686897,37.13617706,13.43757915,27.94137383,77.28438568
-72.79590607,-79.53937531,-77.43507385,-35.45685196,-25.02744293,39.69807053,12.75797176,30.99690437,77.54164886
-73.10223389,-79.76103973,-77.1120224,-35.23963165,-24.26115227,42.33577728,12.68093014,28.24875069,79.89675903
-72.42868042,-79.85387421,-76.27645111,-33.93554688,-21.61932945,43.63883972,13.07201767,32.9285202,82.24473572
-72.44029236,-79.84700012,-75.99925995,-34.22940445,-21.03443718,45.3390007,15.50204563,36.49021912,82.98618317
-74.49482727,-79.41818237,-75.78372192,-33.9913559,-18.96940231,48.94744873,14.94748306,40.2896843,83.81458282
-74.65081024,-78.68929291,-75.38043976,-32.33454895,-16.29924202,51.7178421,17.10044098,43.39217758,84.16299438
-74.43489838,-78.1783905,-75.06518555,-30.12071991,-15.51758671,54.72587585,18.92702675,45.4311142,84.57406616
-74.44043732,-76.24610138,-75.0558548,-25.4499073,-15.37003803,57.97384644,19.44885635,48.03923798,86.97115326
-74.80314636,-74.03857422,-74.59725189,-22.00063515,-11.42698193,61.64811707,21.75741386,50.37306213,90.40202332
-74.48039246,-72.40875244,-74.84963989,-19.26717758,-11.60353947,68.27017975,21.95059967,56.13314056,92.70943451
-74.02623749,-70.5206604,-72.30783081,-15.7874279,-10.5314827,69.35729218,25.00244141,55.62278748,93.27191162
-73.42967987,-68.06851196,-72.57939911,-13.47612953,-7.559959888,74.30155182,26.05698395,57.93769455,96.29745483
-72.27117157,-66.06349945,-72.1444397,-10.66107082,-7.707193375,77.66284943,28.90777397,60.41571808,98.54453278
-72.24259949,-65.67428589,-71.17320251,-9.690860748,-5.273828983,80.40863037,32.02557373,64.13246155,101.9934006
-70.62818146,-63.94256592,-66.89285278,-5.300013542,-5.163852215,85.7351532,33.3662262,62.7798996,101.8216858
-70.38140106,-63.32726669,-66.65119934,-2.999082804,-3.635914564,88.64098358,37.67997742,65.23236847,96.88568878
-69.84780121,-63.10129166,-67.58889771,-0.930142999,-2.00551486,92.44686127,36.78449631,66.07054138,98.40431213
-68.44756317,-62.96421051,-66.8134613,1.113934994,-1.039492846,95.12737274,39.63327026,68.21324921,102.1484528
-68.58457184,-61.40786362,-65.54917908,3.134263754,-0.068058178,100.879364,41.80434799,71.10575104,103.3585205
-67.55982208,-60.13700867,-65.10112762,2.918416262,0.143590599,102.0166397,45.97773743,72.77059174,106.791954
-65.90029907,-59.22477722,-64.04077148,5.6249156,0.299685389,105.8508453,48.80721283,76.69698334,111.2383423
-64.23192596,-57.74108887,-63.4707222,8.385616302,1.051868916,108.1103668,50.78745651,80.69489288,114.687973
-65.10772705,-57.97901154,-61.37479782,9.513757706,3.173686028,106.0340424,53.49147415,80.09906006,116.106369
-63.91255188,-57.91720963,-60.08763885,12.51156139,4.076392651,106.0662537,58.19522858,83.22637939,118.7271729
-62.942173,-58.57734299,-58.98239899,13.78811169,4.678689003,108.5509491,60.92554092,85.66963959,121.8047485
-60.24782562,-58.60063553,-56.84342194,16.78151131,4.515142918,110.6474838,60.33365631,89.09872437,126.1104736
-57.73628616,-57.29029083,-54.84588242,19.03194046,4.484675884,113.3792953,64.72473907,91.9213562,128.7307129
-55.33001328,-57.01431274,-54.36600113,20.24093056,5.011053562,116.3458481,66.01476288,93.04808044,129.9458313
-52.71860123,-56.37425232,-52.87981415,23.20669746,5.707329273,118.7014236,65.73452759,95.64917755,133.1914215
-51.02097702,-56.35215759,-50.00029373,24.83152199,5.901290894,121.1422653,67.91722107,99.31941223,132.9507294
-49.54037857,-54.24118423,-49.26934052,26.76163292,6.140497684,125.4691544,65.16491699,102.2583847,135.0230103
-49.79868317,-53.59056091,-48.45560074,30.32393456,9.201461792,126.8627472,67.65635681,104.6862717,133.2762146
-49.35264587,-54.38391495,-47.57818985,33.09369278,10.00299263,129.3574524,70.21656036,106.3235016,136.4693756
-48.45749283,-54.61249542,-46.78801346,36.60158157,10.8936491,132.0503845,67.56099701,109.1462784,137.4020691
-45.53419113,-53.23789597,-46.891819,39.83779907,11.33235836,135.0682068,62.37534714,110.2180023,136.3641205
-42.75530243,-53.13903809,-45.75650024,43.60361862,13.73962498,137.1107178,64.95850372,114.1106339,138.4536743
-41.87184525,-53.13961792,-44.88885117,43.47752762,16.69311905,141.2175751,66.20700836,113.8232498,141.5448761
-40.42884827,-54.17286682,-43.19865799,46.86297607,19.76766396,142.3157959,70.91693878,117.6087265,140.7422943
-36.78034973,-55.42097092,-42.70332718,46.22402191,22.73608017,143.7413788,67.24902344,122.1494751,141.160965
-33.6050415,-55.7722702,-42.92577362,48.48563766,18.54530716,145.3565826,68.0226059,125.0068893,143.1548309
-30.49452782,-55.1470108,-42.35883713,51.42036438,18.66153526,149.4863281,70.56427002,126.6120758,145.2978668
-29.55408287,-54.69318771,-41.62442017,54.25543594,21.17663002,153.4831543,72.80944061,128.6090546,148.4364014
-27.52338219,-53.86629105,-41.24283981,56.95383072,21.71781731,151.4363251,74.69058228,131.2323761,149.8877869
-24.73473549,-53.42892456,-41.04227829,56.27179337,22.26074028,152.1984711,76.86993408,133.6603088,151.5534973
-21.57691002,-52.29856491,-41.52648544,55.85597992,25.20089722,152.8121033,80.94841766,136.0297699,148.2018738
-17.77516747,-51.92519379,-42.65716553,58.67721176,25.95141602,152.6275177,83.19960785,135.6370392,149.73526
-16.6704216,-51.33930969,-43.15778732,63.81959534,26.66627884,149.3832703,84.53720093,134.904892,150.6159973
-17.79601669,-51.0173645,-42.93753433,66.63339996,26.046978,150.7444305,86.44991302,137.2594604,152.1504364
-14.36834145,-50.50465012,-42.94822311,66.61839294,26.59425354,154.190094,88.4172821,138.7893677,152.9893799
-12.69959736,-50.71717453,-42.57804108,69.06161499,29.95585823,155.8346252,87.81072235,141.3997955,154.3372498
-10.06042671,-49.85253143,-42.14518356,71.75814819,33.21158981,155.6470032,90.33992004,144.4801941,155.1062775
-9.433859825,-47.46713638,-41.54343033,74.96944427,30.46425247,155.3874359,92.00985718,147.2308807,153.59021
-6.5993433,-47.24936676,-41.46815872,79.75073242,30.59562111,155.4270325,93.84103394,148.0512238,154.7634125
-3.762439251,-44.95157623,-41.34011078,79.88874054,30.74409103,153.5518341,95.40331268,147.3637238,153.2490387
0.15531157,-44.41499329,-40.99944305,82.73397064,29.07587051,155.2566376,96.99884796,149.6596985,154.0129395
2.784036875,-44.63933563,-40.82992172,85.69811249,28.93013573,155.1348877,93.8629303,153.745285,155.4833679
4.9024086,-42.64764404,-40.61803818,88.79186249,30.41762352,150.3623962,90.41014862,156.1013641,156.4225616
6.750766754,-41.76532745,-39.99885559,91.7773056,33.14606857,151.8390961,91.40137482,155.1430664,156.6636047
6.329054356,-39.45116425,-39.44419861,95.70251465,32.89022446,152.8239899,92.82152557,156.6072388,158.1244659
6.220160007,-39.39900589,-38.09015274,98.78427887,35.45706177,152.1916809,94.70571136,159.7179108,157.9368286
9.283190727,-39.39292908,-37.49892807,101.2604752,38.58946609,154.3884888,90.79924011,161.134964,158.715744
11.45501328,-39.01092148,-38.77397537,104.123909,40.94813919,151.6729889,92.98426056,163.2473907,159.9766388
13.95926094,-38.85948181,-38.44707489,103.9908142,43.41468048,154.728241,91.66472626,164.3746033,161.7154541
16.88884926,-39.99718857,-38.18645477,104.7651062,43.69472122,154.4070435,91.8727951,165.9786224,161.9795074
17.81582069,-32.77786255,-37.06980896,106.95755,46.31947708,151.8854675,90.82022858,166.1361542,161.9566193
19.61094856,-32.90956879,-34.8127594,109.8700409,43.9351387,154.9706726,93.41278076,167.2716675,161.9854889
17.13957596,-33.23683167,-34.36861801,110.0210342,46.14730072,157.2277985,92.55583954,165.7706451,161.9877625
15.45857525,-34.79797745,-33.64827347,109.4910431,48.17618561,161.3515472,94.99833679,167.6700897,163.9555969
18.83227539,-33.90127945,-33.52625656,110.2412643,50.5768013,159.0071259,96.53155518,164.1292267,160.6044617
21.22807693,-31.99510384,-32.87504959,113.0299301,50.30718994,162.7794189,97.64886475,161.60112,157.7787018
19.26474762,-34.37797546,-32.28692627,115.4790192,50.30673599,166.5524292,94.41640472,161.0154114,157.589325
20.99473572,-31.84414864,-31.23938179,115.7612381,52.96101379,166.2550964,91.41842651,163.9340363,159.6737518
23.72034645,-30.9648819,-30.69678688,118.7201538,55.87651825,166.6060333,89.12499237,164.977951,159.7823792
26.82347107,-27.71183014,-28.0589962,121.1102905,54.8948822,166.8641968,89.80890656,166.7458801,162.0269928
29.78687668,-27.92791176,-26.25596809,123.6342316,54.38786316,166.9496613,90.8562088,164.6657715,164.7183685
25.8199234,-28.93618011,-24.87270546,126.5206375,57.16053009,168.2838135,89.54212952,164.4011688,169.2014923
28.02074242,-28.78871346,-24.44603157,127.0492477,55.41576385,166.0791931,92.23343658,165.5375366,171.5756836
24.65637207,-26.04942131,-21.92095757,127.2175827,53.98432541,167.0675507,87.14643097,166.0297699,173.6247253
27.25388718,-23.87828445,-19.11880684,129.6941833,56.06269836,169.9530182,91.23487091,169.3152313,171.4734192
30.29483414,-24.02298546,-17.59825325,129.0824432,57.42855453,172.0349274,92.10247803,171.3260345,171.2740326
31.71788979,-21.56427765,-16.31406975,132.2043457,59.44768143,171.4779968,95.50325775,171.629303,171.8136902
29.88524246,-19.8387413,-13.71141529,134.1267548,61.77584076,174.6685486,96.92224121,175.3105316,171.632782
32.66714478,-16.85408974,-11.40419865,138.3570557,59.60790634,175.6382446,97.47545624,181.436615,172.4533386
34.77713013,-14.75327969,-10.51642036,136.3387451,62.21308517,178.2214508,100.3623352,181.5070801,172.7572632
37.71703339,-12.54198551,-10.53006268,134.2996368,65.05335999,180.761673,104.4468002,181.9755707,172.3186493
39.00691223,-11.06819248,-11.14537239,133.2440338,65.83335114,181.0882721,104.4529953,181.7724457,174.3560638
36.52911758,-8.91168499,-9.344436646,136.9709778,68.36225128,184.4693909,104.6016159,185.2649994,174.3324432
39.02539063,-6.451593399,-7.134137154,135.7012024,68.07778931,184.2280426,104.8725739,182.7274475,174.3239594
38.83235168,-4.179423332,-7.563870907,138.9999847,69.99974823,186.3878174,103.2880325,182.8962402,174.9847717
42.06165695,-3.423028469,-6.968074322,137.272522,70.62671661,189.6028595,107.3415146,182.6408997,175.4777222
45.20575714,-1.246501684,-6.303058147,136.8419037,73.27709198,189.3709869,107.387207,182.9835968,175.6858826
48.2408371,1.558883667,-4.172922134,140.4269867,75.63452148,189.0997467,108.4980698,183.2208099,175.8544464
49.11159515,4.436060429,-1.388853431,143.0172424,75.16412354,187.6503601,110.0144653,186.3052521,177.1333618
56.07797241,3.718205214,1.483314395,143.4947662,77.83888245,192.3726196,113.4133682,184.4491425,181.7667542
58.26390839,7.045640469,4.070406437,143.6755829,80.54695129,192.4390717,117.5324554,184.8237457,182.1741333
61.19007111,10.5106945,6.054345608,146.5169983,81.56717682,197.3813019,117.7341003,182.2274017,184.4122162
60.99991608,13.00704575,8.191169739,149.6811523,84.28112793,199.9828949,119.1119919,182.9572754,183.5245209
58.67658234,15.38136673,10.38447571,150.2951508,84.71992493,200.3283539,122.233963,182.7624207,183.9529724
61.84875488,18.50351715,10.24307346,145.2421265,85.65402222,,122.9422607,182.797226,184.7966461
63.85268402,21.18345833,10.06804466,148.5605011,83.31434631,,126.7402954,180.3048706,181.8077698
60.992939,23.91000748,12.60223293,151.4979706,81.29067993,,130.456604,177.8114014,184.2112427
63.61350632,27.47920609,15.34397507,153.7601166,81.70552063,,132.9569092,180.1343231,185.5484619
62.85442734,29.79225349,15.11182594,154.6255035,81.80480957,,135.5605011,177.4170837,187.8543396
62.04704666,29.04307365,15.57956982,154.4533997,81.16789246,,135.7945404,176.8330841,187.9868927
62.75075912,29.05054092,13.84821701,157.1639404,81.36697388,,139.1706848,174.6916504,189.904953
58.81456375,31.74647331,16.02285957,156.1927795,78.18028259,,140.0495605,171.7469025,192.0827484
56.93154526,30.91453743,18.88635635,157.0019989,80.78279877,,140.8911285,172.528656,192.3018341
55.8838768,33.11246109,21.17979813,159.9399414,79.03730774,,141.9447174,174.4784241,192.8392792
54.72360229,34.03367615,23.60407639,159.6712799,78.83916473,,142.392746,172.5089417,192.6687469
51.08209229,36.50516891,26.97887421,157.2040405,81.33569336,,145.0562897,171.9929504,192.5004578
50.58961868,38.14231491,28.83301544,157.9559479,83.29193115,,142.6206055,175.4052277,195.0548401
48.94789124,37.91184998,31.6142292,158.3438721,83.60908508,,145.0801239,175.5431061,195.6001129
51.23074722,40.78178787,34.47088623,158.9116516,88.28555298,,145.0414886,176.0380096,197.8687134
50.47505569,39.86833572,36.43556213,159.7260742,87.60256958,,145.7751007,175.9411926,198.3112793
50.62362289,38.04994202,39.52215195,159.3683167,90.43416595,,146.5787506,179.3767853,197.8021698
52.95442581,40.85844803,39.00388718,160.0542755,93.07630157,,143.9923706,180.8774414,205.6304321
50.92346954,43.71022034,42.53530884,160.7576141,91.42488861,,147.3811951,180.5359955,
48.80812836,43.79491043,45.47024536,160.8396606,93.79296875,,147.4554443,178.539032,
50.26556015,45.64321518,45.25945282,159.1977997,96.39572144,,147.6951141,178.0912781,
50.0750885,46.26652527,45.66166687,162.2777557,98.50073242,,145.3330841,177.724823,
51.99697113,46.26932907,46.64310074,162.4297638,99.52294159,,144.3975067,176.8794098,
54.98953247,42.53148651,49.00764465,158.5533295,101.9534912,,144.6074829,175.3578644,
59.22896576,43.46416473,51.16905212,159.1477203,104.891983,,144.898941,176.9587402,
61.50875092,46.86013794,53.68720245,160.1404419,107.9415741,,144.0555573,174.3388519,
64.3367691,50.36595535,55.81578445,160.8876953,107.8107452,,141.971405,174.8691101,
66.71887207,53.95115662,58.02312469,156.8604889,110.8603058,,144.8360596,175.1714478,
67.72168732,56.18318176,60.84553146,157.6080322,113.7534256,,144.5598145,175.1262512,
69.25749207,59.513237,59.58133316,157.9372101,115.4232407,,144.5844879,176.8081055,
70.75522614,62.15597153,59.0555191,157.9644775,117.7187271,,147.3169861,176.9169769,
72.92199707,63.34399033,59.36122131,158.2488251,120.6100464,,147.0371704,176.5770264,
74.14241791,65.64091492,56.04118729,159.8515625,122.7877731,,147.9681244,173.1960907,
74.78009033,66.70452118,53.59777069,157.437973,122.5273438,,148.0267334,173.1605988,
77.9187088,69.59127045,51.78842163,157.2929993,125.136879,,148.7901611,173.9541321,
80.26213074,72.39067841,51.77015686,157.0052185,127.3253479,,154.3592377,169.1840515,
80.78970337,75.43830872,54.87950134,157.833847,130.1384125,,159.7565002,168.6195984,
81.99177551,78.46613312,57.7876358,157.8136749,130.223877,,155.2990417,167.7336884,
81.45719147,81.33953857,60.47544098,160.0492554,130.6620026,,156.3735199,170.7029572,
84.3187561,85.1998291,62.45616913,159.8312073,129.6338196,,154.368515,171.4983673,
84.15652466,89.20623016,62.39009857,162.1377563,130.1971741,,160.0612488,171.917511,
82.63465118,92.1720047,64.79272461,156.5827942,134.4466095,,162.1178589,172.8530426,
80.32580566,94.54483032,63.77109146,150.9641266,136.9828339,,159.7446442,173.155014,
82.02933502,97.51385498,64.42434692,150.1125946,137.2635498,,159.6484985,173.6331177,
82.55084229,100.1022797,66.94224548,150.276062,139.6814575,,159.6942139,174.2115479,
83.31712341,98.11366272,69.2199707,154.4530334,142.0025482,,159.892807,174.6874847,
83.4098053,99.09695435,72.39993286,157.3023376,141.3221588,,158.2817688,174.9505615,
78.59299469,99.22669983,73.93279266,157.2279205,143.5704651,,158.4783478,176.8863678,
77.95270538,102.3467255,77.07170868,157.2627106,146.0775146,,154.6073303,180.2817078,
79.71566772,105.2210159,80.38626862,156.3411407,149.3426666,,155.019455,180.5300598,
79.28436279,107.5940094,79.43218231,159.3751831,151.6744537,,155.5146179,180.8136749,
80.1102829,111.2637482,81.95860291,160.3724518,151.2350769,,152.1600189,181.2616119,
80.62360382,112.6984406,78.70343018,160.3426514,150.483139,,151.1042938,176.525116,
82.99069214,113.4654694,80.88166046,160.6401215,156.4166412,,150.4366455,173.8072815,
82.92378235,115.8346024,82.80488586,160.9653168,158.7106323,,149.0075531,176.1799622,
80.78865814,116.460083,84.14796448,164.5431213,161.0182648,,140.7443848,179.7102966,
80.74254608,116.5052872,86.7186203,164.8475342,164.1560669,,140.3879089,179.8362122,
80.8904953,119.3384171,89.41477203,164.9303741,167.024704,,139.7035828,176.467926,
79.38576508,120.1175613,91.88348389,164.4100494,168.2480011,,143.4492645,176.881958,
80.16723633,119.9171829,91.10938263,164.5397491,168.3607635,,138.90271,176.107666,
82.96466827,118.0078659,93.90511322,164.9308624,171.82724,,134.3866119,176.1600952,
85.6752243,121.045578,96.23215485,164.4192657,171.46698,,133.9916077,173.613739,
85.40236664,124.0875931,98.23381042,164.7160339,171.5374908,,138.736496,174.240448,
85.76199341,126.9933167,101.4757614,165.1426239,172.3571472,,139.3812103,167.8377991,
85.80262756,126.8088608,103.876297,165.3024902,170.9205933,,141.9521637,167.5992584,
85.81826019,130.765976,99.34803772,167.6247711,167.6529388,,142.2701111,166.1605072,
86.59073639,131.8319092,99.25904846,167.915863,167.9063416,,142.4434509,166.2522736,
86.86024475,132.3440247,99.73697662,167.9746399,171.4922485,,139.6519928,162.6199341,
91.99440002,133.0496826,102.0668793,170.339386,172.2513885,,140.8830566,166.5575562,
92.27471924,137.5050049,97.27965546,173.5603333,172.9173737,,140.8325806,167.3916473,
92.17154694,137.3944702,97.131073,175.6544952,173.5870209,,140.6231384,172.2545624,
91.84194183,138.4664307,96.15917206,176.0540009,173.1741943,,140.8429413,173.0488434,
94.48145294,144.1278229,94.68373108,176.7226105,176.4388733,,144.4224701,173.743454,
94.51903534,144.6654358,91.35560608,179.118988,176.9271851,,142.5816193,168.1813202,
92.73908997,144.4211273,91.06595612,178.7941895,176.8002319,,145.2414093,165.2741547,
92.47262573,142.3148804,91.57064819,178.2642822,180.5974426,,144.0434418,163.2552185,
92.1587677,146.103714,92.32846832,178.1614532,183.8867798,,143.2400055,166.6006317,
96.50133514,147.1387482,94.00186157,177.9310455,183.9858704,,141.8755188,166.5704346,
97.18378448,149.9065399,96.46257782,180.1575623,188.094574,,142.5388184,166.4260254,
101.4131393,147.6282806,97.50404358,182.2382355,189.3559113,,147.309906,166.2603455,
101.5055466,146.2865906,97.60842896,182.3556976,190.375351,,146.8951721,165.235672,
99.76177216,146.6834259,99.33140564,183.1396484,189.3245697,,143.8962097,165.0740051,
101.3492737,144.2879486,98.03382111,182.75177,188.4889374,,143.9895477,164.5688324,
106.1560669,145.2711945,93.14152527,183.1751862,186.2920685,,144.7711945,164.6689453,
106.5648956,145.4590759,90.82073212,183.5897064,191.1608582,,144.4345856,164.2835236,
106.7438507,146.1432037,92.40162659,186.6003876,191.0319214,,144.5537567,164.4368439,
106.5777588,147.6999054,95.15486908,186.558136,189.2104797,,144.5905762,163.9467468,
106.5578918,149.1083374,94.30925751,189.691864,188.1217499,,144.0452576,164.618515,
111.8144913,147.5108337,94.65596771,189.7328644,186.8713531,,144.7485352,164.6184845,
111.8729019,144.2532654,94.09634399,193.4561462,188.1684723,,144.1841736,164.6375122,
114.4760056,144.5352783,94.65279388,193.4085846,185.5731812,,146.0486298,165.1371918,
114.1992416,146.7311554,95.76576233,195.76828,184.4544373,,143.4893036,160.9989319,
114.1321106,145.5560913,98.29111481,198.8490448,182.3612976,,146.7259064,161.3201294,
110.6415558,144.0003357,98.15164948,198.7536469,182.71492,,146.5610046,161.3562164,
113.0532913,139.5701599,98.11013031,198.4659119,181.5037689,,143.6463776,161.6110382,
110.8044968,138.2823181,97.84922028,201.0831299,179.7037354,,142.9995422,164.3011017,
111.4385071,137.765564,97.31404877,,179.6067505,,143.7525635,164.3527374,
107.8553009,137.5648499,98.2194519,,179.6803284,,143.6105042,167.2215118,
107.7882919,135.578186,98.94821167,,176.9367523,,143.9494934,169.2928467,
110.2518463,130.9512177,99.3138504,,177.1318817,,143.8573151,164.8733978,
109.9954834,130.6078186,102.9719543,,174.8659668,,140.1712646,164.8908539,
107.3951187,130.62854,105.7541504,,173.6763306,,138.4268341,167.6260376,
113.363266,131.1755981,100.6613312,,178.8536835,,139.032196,170.079071,
112.0911636,125.9830246,98.23542786,,181.5747375,,139.1797791,172.1019745,
115.7737274,123.4668198,99.7723999,,181.997406,,141.2085114,172.1175385,
119.466774,126.482254,102.0239639,,184.3523865,,140.7000275,172.6767731,
122.9413452,128.8156891,106.8459167,,184.7263489,,140.2203674,172.3990326,
129.8565826,128.7901001,107.5942535,,183.5162811,,140.4160004,172.5766144,
131.736084,132.3807983,105.8560333,,182.7568207,,140.2312317,169.695755,
135.6790466,126.0027237,107.0760727,,186.611557,,140.5412598,170.078598,
139.7774658,126.0632629,107.2112198,,187.6374512,,140.4371643,172.7898712,
146.2187347,126.6671219,107.7385025,,187.1343384,,140.3886414,173.0956573,
150.208725,127.5550156,109.0365219,,187.263916,,142.6179962,170.6548462,
154.0805664,130.8930054,108.3486404,,187.1585541,,142.3704529,171.1857452,
155.3148499,130.8956146,105.4076004,,187.379364,,141.1014557,171.4007568,
158.7223511,131.294281,106.432991,,183.0483246,,137.9953156,171.6205597,
161.2254028,130.8969574,106.1319885,,180.9342346,,135.8259735,172.0488434,
161.4839783,130.6217499,107.777298,,180.6516266,,134.8037415,166.3778687,
166.2477875,130.209549,107.9745255,,184.6345673,,130.3553619,168.9079132,
171.6138153,132.1970978,107.3031311,,184.5062256,,130.6714172,171.3953552,
170.9596558,128.5725098,106.3627853,,184.5014343,,128.9290771,172.168335,
173.9669952,126.7982483,108.3340073,,183.7483521,,131.1481934,171.595871,
173.7905731,128.3651123,104.8203506,,180.5459442,,131.7493744,172.8321228,
172.4403534,130.2316589,104.1614456,,176.3996887,,131.9826355,174.2043304,
172.9586487,131.7732544,103.9711533,,176.7066956,,129.730011,176.1535187,
171.1584778,128.1137848,104.1459274,,176.3029785,,127.7667999,178.8930359,
168.0296478,127.7798004,103.7670898,,176.7233734,,127.386879,178.7381592,
168.2039032,127.1536026,104.0415344,,177.2488098,,126.8471069,176.397583,
168.2404327,126.828392,103.784462,,174.7544861,,126.3978195,171.3215179,
168.9618378,126.9796295,104.3917923,,172.8901215,,128.2930298,169.1994324,
169.0481262,121.4456406,107.1946182,,173.0749664,,127.2194214,168.8887482,
166.1242981,121.2215118,100.4655151,,170.9084015,,127.9700089,168.4608307,
166.0457001,121.6663666,106.6548462,,168.2508698,,131.9955139,172.1793365,
168.2572784,119.1182175,111.739418,,165.604599,,132.0960236,172.3970032,
167.409256,117.4844284,116.4377365,,161.4560699,,131.6252899,172.4148712,
167.250946,115.3664627,119.4836578,,158.8383789,,131.2306061,177.236496,
167.5810547,114.7335434,119.0503845,,154.0323792,,133.8470154,177.6595001,
167.4980927,114.7228394,118.4932938,,152.1569977,,138.2119446,178.7556305,
170.943924,112.5917816,115.8856354,,148.184021,,137.8226013,178.8814545,
170.9393768,112.6705704,116.0652542,,144.5592041,,140.5315857,178.975708,
169.3587189,112.8297501,118.5595779,,140.4149933,,140.8423004,178.9118195,
171.8176117,107.7275314,119.2753372,,140.1773529,,139.2256927,178.2946167,
175.3464508,100.3707733,123.0974503,,135.3390961,,141.591095,178.7787323,
176.4603882,98.29444122,125.0546494,,132.6074066,,139.3299103,179.1895752,
176.9036407,97.75307465,125.3266678,,132.2049713,,139.7131348,176.0722351,
174.6908875,100.2611618,125.8303299,,129.1345215,,139.6268005,175.9807739,
175.273056,99.08200836,126.5997696,,129.656189,,139.8831482,176.7130737,
180.3982239,98.63315582,129.0601959,,129.6034088,,137.3040314,177.4361572,
183.8443604,97.546875,129.4536743,,129.7740631,,141.4854279,177.4328613,
186.4979858,97.56361389,128.6128082,,129.8605652,,135.7018433,177.4825287,
186.6429596,97.5788269,132.4810333,,129.2822571,,134.574585,177.7704468,
186.7055511,95.44154358,132.8755188,,129.4762573,,140.304245,177.8725128,
187.3124695,93.53125763,134.5621948,,126.6485062,,138.2014008,182.4130096,
187.4292297,92.76872253,134.6494751,,126.466774,,136.6171722,185.2524261,
185.3572388,92.91222382,135.394516,,126.8474426,,135.8766174,185.3418732,
187.4673309,90.21833038,136.9272614,,127.0473633,,144.4073486,185.4076843,
187.8915863,92.94191742,137.3497467,,128.1408081,,142.3575287,185.7055817,
188.227829,90.2116394,137.3970032,,125.47155,,147.7550659,189.2403412,
190.4693604,85.86991882,137.4330139,,121.3515244,,146.5639648,189.5336304,
190.4886475,87.7472229,141.3021393,,121.3178101,,149.07901,193.5864868,
190.9380035,90.11367798,140.889389,,121.386322,,153.634903,193.8492279,
190.8993073,89.65149689,140.6638641,,118.0926971,,151.5038147,196.261322,
188.7549286,87.64099884,141.5810089,,117.594841,,152.1428375,195.9412994,
186.5657654,87.07324219,142.3826141,,114.7583618,,150.4138947,202.6547546,
186.6340027,89.90180969,142.3137665,,116.6941147,,150.6977386,,
186.8577576,89.33113861,148.4226074,,121.884964,,146.2602234,,
187.0284119,89.22203064,149.9327545,,121.6969604,,146.1376495,,
185.3074646,91.47093964,149.4620209,,121.8488083,,148.9952545,,
183.2920532,93.27172852,149.6758881,,121.4493561,,151.4985657,,
183.0285645,93.06433105,156.069809,,121.2303772,,150.6082611,,
180.6144104,91.74511719,158.7456207,,120.8193207,,150.5984802,,
181.1681213,91.90922546,162.0267944,,121.969101,,149.6163025,,
183.5219116,91.58256531,163.6016998,,121.8119202,,148.829422,,
184.1475677,88.82220459,169.238205,,121.4498367,,152.4095001,,
184.1358795,91.80696869,172.2221832,,118.441597,,152.6908417,,
184.0076904,94.02400208,172.7349396,,118.841568,,153.3916931,,
182.2815857,94.2299881,172.6575165,,116.5809326,,154.1338959,,
181.8421936,97.17958832,172.2937469,,116.5474777,,152.051651,,
181.6402283,96.87974548,172.6020966,,116.5335846,,151.4233093,,
184.1862946,95.40499115,171.6279144,,116.1834869,,149.3063965,,
184.2968292,92.82559967,169.5681305,,115.3254852,,149.5623016,,
186.0908813,95.14968109,166.9864044,,117.88517,,152.377594,,
185.4347076,98.00541687,167.19487,,119.5920563,,152.2692566,,
185.4159851,98.04071045,172.1119537,,121.9116974,,152.1886597,,
184.9334412,94.4442749,175.286438,,121.8095245,,152.1872711,,
185.0428925,94.69384003,175.1843567,,122.2158356,,152.6129303,,
185.2471313,94.17212677,175.1800232,,124.3536911,,152.8481903,,
186.911911,92.41792297,175.5593109,,126.5617981,,155.7713776,,
184.6243439,94.08869171,172.2874756,,128.390686,,153.030365,,
184.1849213,100.1977081,170.1146851,,130.0824432,,150.9926605,,
184.6074982,100.2946854,171.0287781,,132.799942,,151.4798431,,
184.796051,99.95207214,171.9610138,,134.8614197,,153.9075775,,
185.0576172,102.2764053,171.4366302,,137.1590881,,151.3623352,,
188.9398651,104.5139313,172.8166504,,137.0929871,,154.0194244,,
188.99617,108.7638779,170.1548615,,138.7423248,,157.3517914,,
191.1960907,113.9507751,170.4022217,,141.086441,,157.656723,,
191.5430908,113.6945572,171.2577515,,141.4023285,,157.4042206,,
194.4867401,113.5928726,171.5631104,,141.1483002,,155.308609,,
198.7125702,115.1739273,171.3558197,,144.2760162,,157.5148163,,
200.1732025,119.3925552,171.7705994,,144.1338806,,157.8125763,,
,119.454422,171.1908875,,148.8466034,,161.4771118,,
,119.2579117,171.5734406,,152.4313049,,163.8592529,,
,116.8064117,176.9766998,,152.0340729,,163.5267487,,
,119.5648575,176.4532166,,152.2670898,,161.8422089,,
,119.7826767,174.839447,,151.8686676,,162.354126,,
,119.3535233,172.7662811,,152.0745239,,160.3532867,,
,119.508522,169.773407,,151.6172638,,161.1023254,,
,116.3292618,169.8660126,,156.6727295,,160.9746552,,
,113.8070526,171.2657623,,157.4265289,,161.0430298,,
,120.0342026,170.6297302,,157.8614502,,161.1189728,,
,120.5917435,167.7162781,,157.5684662,,161.1640778,,
,118.1487427,167.920578,,158.6581116,,161.3187256,,
,115.5110092,167.5547791,,158.849884,,162.2795715,,
,115.449852,168.4694824,,155.8792114,,162.8330383,,
,115.3161621,171.2528687,,153.7306976,,164.2824707,,
,119.8002548,170.2189484,,156.1132355,,167.3374786,,
,125.0553741,167.8867645,,158.3285522,,169.5836945,,
,125.5520325,170.0950775,,158.3647156,,173.541626,,
,125.5778961,170.5218048,,158.2978363,,175.967865,,
,125.8901291,166.2132568,,158.4223938,,175.979126,,
,128.8593597,169.9996033,,156.1222839,,173.5241699,,
,132.2282867,165.656311,,154.8719177,,172.9253998,,
,130.3664093,170.6032104,,157.1680603,,173.1955414,,
,134.9034729,171.2498169,,161.1915131,,172.8986664,,
,135.5023804,165.1520996,,156.2903442,,175.1416779,,
,138.6231689,159.6643219,,156.5251312,,177.7732086,,
,138.6125488,160.3639526,,158.0119781,,180.6820679,,
,138.7854614,161.0138092,,154.5547485,,180.6481934,,
,138.9572144,161.416153,,153.5219727,,181.4121399,,
,138.6533661,165.5373535,,153.2483673,,181.9656219,,
,144.4017792,165.5021362,,148.391449,,183.0780487,,
,146.5647888,172.7996063,,146.5162659,,183.2282104,,
,147.1508942,172.917984,,145.7407227,,180.9868622,,
,151.5894165,173.1639709,,144.5203552,,180.816925,,
,153.1705017,172.8332825,,144.4631958,,181.0482178,,
,155.5801392,172.7903137,,144.3083038,,182.0939636,,
,156.0065613,173.0596771,,143.9909821,,181.5991211,,
,155.9721832,173.7407837,,140.7270966,,179.2954254,,
,158.3075714,174.1268921,,140.1881256,,177.3148346,,
,158.1573029,169.5028534,,143.0093994,,177.2591095,,
,155.5787354,169.9926147,,143.0211792,,176.9562836,,
,159.5032959,169.6474457,,141.2147064,,174.4907379,,
,167.1839905,169.5938416,,143.3292236,,174.5834045,,
,169.2442474,169.9092712,,142.5927887,,174.4779968,,
,169.8006439,169.960022,,139.8219452,,174.7026672,,
,171.4025269,169.4976501,,143.1437683,,171.4619598,,
,173.9613037,169.211853,,143.2120972,,170.5108032,,
,176.4158783,169.1036835,,140.2534027,,173.2423096,,
,176.9385223,169.6034393,,137.2062683,,173.1593781,,
,177.0583954,170.473999,,135.3306427,,179.1157379,,
,177.7992554,169.9188843,,135.8760529,,180.2178192,,
,180.156311,169.8385315,,135.8086395,,180.4736633,,
,183.1134338,174.1213226,,136.7836609,,183.7272644,,
,182.8562164,174.2881927,,133.5838776,,186.0562286,,
,183.0771027,174.3922119,,130.0694885,,188.5980072,,
,186.1039276,172.0562286,,128.4822235,,183.6984406,,
,185.7655182,172.3787079,,125.1039581,,184.0532074,,
,188.5506134,172.409668,,125.2686539,,184.9099274,,
,193.043808,172.4756165,,129.9451447,,187.2448425,,
,193.5143585,172.2036591,,126.8429718,,189.4891052,,
,194.0246429,172.7286224,,126.087532,,189.7875824,,
,194.4142456,171.0452728,,127.2990036,,192.2340546,,
,196.0445404,171.06073,,125.2103195,,191.9316254,,
,195.8904266,170.8275146,,124.3585587,,193.2276459,,
,196.0666199,171.13974,,124.3414536,,193.1863098,,
,196.677597,169.2602692,,121.7912674,,197.7900085,,
,192.8580475,169.5987396,,121.8605194,,198.1270142,,
,190.8561249,169.9539185,,117.6659393,,197.7706604,,
,191.25354,170.4806976,,117.7275238,,198.1955109,,
,188.8756866,171.2623596,,112.4682159,,199.9763336,,
,189.9706421,168.8818207,,112.591835,,197.8357239,,
,189.5774078,169.456131,,112.7212753,,193.5354767,,
,187.2969971,172.4216156,,109.3361359,,191.2314301,,
,189.7397766,172.6728363,,105.0750961,,193.2733765,,
,189.4625244,172.8433228,,107.6546173,,193.086853,,
,189.3666534,172.2267761,,106.7651443,,190.5549622,,
,185.6985626,172.8540802,,108.8742447,,188.1842041,,
,185.2753143,173.4933319,,108.1033783,,192.8975372,,
,183.0415497,172.7823029,,105.5989304,,193.8453522,,
,187.4055176,173.5731812,,108.6153793,,196.3583374,,
,191.8752136,175.9398804,,106.8509903,,194.5536652,,
,192.0694427,178.2996063,,102.4159546,,194.9981689,,
,192.1031647,180.9625092,,100.482254,,195.2779083,,
,189.4146729,178.8595886,,100.612648,,195.5116119,,
,189.7737732,178.9200439,,100.2349014,,190.6518097,,
,189.4948273,178.8036804,,100.3576355,,190.9931335,,
,189.2666321,179.0606689,,100.0432053,,186.4072418,,
,190.9190826,182.5776978,,97.7388916,,185.6504974,,
,191.8625641,186.2530823,,97.3947525,,188.3989563,,
,192.0462341,189.9142151,,96.15578461,,190.5904846,,
,192.2822418,189.9573517,,96.29696655,,188.0697632,,
,193.0887451,190.0691376,,97.33916473,,187.7142639,,
,192.6401672,190.5898438,,97.19098663,,190.4008636,,
,192.9783478,190.3498688,,96.77684021,,188.1928101,,
,193.7842255,190.833725,,96.67948151,,185.6247711,,
,193.9463959,189.1796875,,95.90520477,,185.9562073,,
,194.3252869,189.2412109,,96.11553192,,186.4242401,,
,194.5867615,187.0344849,,96.20446777,,184.8104095,,
,195.3504639,186.0091858,,95.48838043,,184.4291382,,
,195.6838226,185.8515472,,95.10414124,,184.2807007,,
,196.0713348,185.821106,,94.96661377,,184.1887054,,
,196.223175,185.7913513,,95.20155334,,181.4074097,,
,198.7340393,185.6173248,,95.17520905,,181.5713348,,
,201.1543427,188.7472076,,95.09814453,,183.4577637,,
,192.0279846,,,88.99051666,,183.5053864,,
,193.1286316,,,87.71620941,,183.3671875,,
,195.8768158,,,87.8213501,,183.3487244,,
,195.7405548,,,87.06978607,,183.8405914,,
,195.8510895,,,82.11628723,,179.7399445,,
,196.2656097,,,82.1893692,,177.3778534,,
,199.1447449,,,81.84889221,,177.3892975,,
,199.2423859,,,79.21271515,,177.633667,,
,199.2507629,,,78.70093536,,177.5342407,,
,199.2982635,,,81.55699921,,177.2707672,,
,198.620636,,,83.59970856,,176.2830811,,
,195.8358459,,,86.19776154,,173.8242645,,
,196.1939087,,,80.59149933,,174.036499,,
,193.2731018,,,80.63706207,,174.2272644,,
,193.710434,,,75.96102905,,176.8695679,,
,198.630188,,,76.19928741,,176.7008667,,
,199.0959015,,,73.43669128,,181.4085236,,
,204.0426331,,,75.95093536,,182.9239502,,
,,,,78.84185791,,180.5278473,,
,,,,79.2156601,,180.597229,,
,,,,81.35513306,,180.8600006,,
,,,,77.0407486,,181.0055389,,
,,,,77.71355438,,178.5802307,,
,,,,80.45436096,,179.2464905,,
,,,,83.54828644,,179.3108673,,
,,,,86.1673584,,179.2805023,,
,,,,90.99596405,,179.7248077,,
,,,,92.6909256,,179.0786285,,
,,,,96.27355194,,181.9059601,,
,,,,93.66166687,,182.1045685,,
,,,,92.17093658,,182.1730347,,
,,,,94.07424164,,181.606781,,
,,,,91.99365997,,182.1666565,,
,,,,92.4295578,,182.3603058,,
,,,,93.3454361,,184.7663269,,
,,,,95.51133728,,184.6620941,,
,,,,96.74714661,,184.8049011,,
,,,,101.3567886,,189.4940186,,
,,,,104.4807358,,189.4427032,,
,,,,107.80513,,191.2050934,,
,,,,111.0698929,,190.533783,,
,,,,110.9859924,,194.1114197,,
,,,,106.7842026,,197.2108765,,
,,,,106.8097687,,197.3246002,,
,,,,105.3826141,,197.7865143,,
,,,,103.676445,,197.5209808,,
,,,,98.78489685,,197.4152527,,
,,,,98.56936646,,197.5844116,,
,,,,96.61949921,,191.7621002,,
,,,,95.52056122,,191.7867889,,
,,,,95.47774506,,191.9730225,,
,,,,92.21024323,,196.9602966,,
,,,,91.14266205,,199.2083282,,
,,,,93.96864319,,199.1966248,,
,,,,89.07548523,,199.5286407,,
,,,,92.22395325,,199.5309143,,
,,,,92.99324036,,199.8036499,,
,,,,91.29245758,,199.2445221,,
,,,,89.18295288,,199.1011963,,
,,,,88.34432983,,197.4672546,,
,,,,83.54268646,,197.6948853,,
,,,,86.51721191,,194.790863,,
,,,,81.63808441,,194.7597351,,
,,,,85.70711517,,194.9726257,,
,,,,85.47154236,,192.1395264,,
,,,,85.93899536,,192.1515961,,
,,,,81.58908844,,194.5922852,,
,,,,76.95883942,,197.4042053,,
,,,,79.83071899,,200.0771484,,
,,,,84.54570007,,,,
,,,,84.48300171,,,,
,,,,85.15795898,,,,
,,,,82.80976105,,,,
,,,,78.88153839,,,,
,,,,81.34020996,,,,
,,,,81.98317719,,,,
,,,,79.90940094,,,,
,,,,84.34706879,,,,
,,,,81.80343628,,,,
,,,,81.61073303,,,,
,,,,81.01917267,,,,
,,,,78.54602814,,,,
,,,,79.08369446,,,,
,,,,81.81197357,,,,
,,,,82.18463135,,,,
,,,,84.05055237,,,,
,,,,84.18704224,,,,
,,,,84.84435272,,,,
,,,,82.43441772,,,,
,,,,83.38391113,,,,
,,,,83.57904816,,,,
,,,,84.07798004,,,,
,,,,84.18153381,,,,
,,,,84.17791748,,,,
,,,,84.54668427,,,,
,,,,84.36876678,,,,
,,,,81.85984802,,,,
,,,,81.60585022,,,,
,,,,81.33327484,,,,
,,,,81.2046814,,,,
,,,,87.88374329,,,,
,,,,89.3351593,,,,
,,,,89.51176453,,,,
,,,,87.56958771,,,,
,,,,89.53653717,,,,
,,,,89.69400787,,,,
,,,,90.07553101,,,,
,,,,89.45465851,,,,
,,,,89.79717255,,,,
,,,,90.04623413,,,,
,,,,89.9445343,,,,
,,,,89.71790314,,,,
,,,,95.45077515,,,,
,,,,95.15316772,,,,
,,,,99.88053894,,,,
,,,,99.93551636,,,,
,,,,105.0187912,,,,
,,,,104.9953003,,,,
,,,,105.2953186,,,,
,,,,105.054039,,,,
,,,,107.8904877,,,,
,,,,112.0722275,,,,
,,,,111.6709213,,,,
,,,,112.3239059,,,,
,,,,112.8569031,,,,
,,,,113.0469742,,,,
,,,,110.2125015,,,,
,,,,112.7967072,,,,
,,,,113.1344147,,,,
,,,,119.7547989,,,,
,,,,125.4830475,,,,
,,,,126.0828171,,,,
,,,,133.4271698,,,,
,,,,138.4724426,,,,
,,,,142.2068634,,,,
,,,,141.7864838,,,,
,,,,144.1516113,,,,
,,,,144.138504,,,,
,,,,143.8930511,,,,
,,,,144.1541595,,,,
,,,,138.9226532,,,,
,,,,132.8457184,,,,
,,,,137.2541046,,,,
,,,,140.418396,,,,
,,,,144.7311401,,,,
,,,,148.5050201,,,,
,,,,152.8937683,,,,
,,,,151.2029266,,,,
,,,,155.2761841,,,,
,,,,159.2172241,,,,
,,,,162.9828339,,,,
,,,,167.8595276,,,,
,,,,172.5280762,,,,
,,,,172.1770172,,,,
,,,,174.3741455,,,,
,,,,174.8721008,,,,
,,,,175.0917816,,,,
,,,,179.6254883,,,,
,,,,184.4030914,,,,
,,,,185.8822021,,,,
,,,,191.1406097,,,,
,,,,190.7597351,,,,
,,,,196.2752686,,,,
,,,,195.8537292,,,,
,,,,195.7844391,,,,
,,,,200.632431,,,,
