Small_Avg_Episodic_Reward,Mid_Avg_Episodic_Reward,Large_Avg_Episodic_Reward
0,0,0
-238.9424337,-110.3299052,-218.0436961
-174.70858,-112.6827011,-250.6528727
-168.7978745,-122.4873708,-98.63437655
-138.8337504,-105.6310056,-291.8075104
-214.5182877,-117.685182,-197.8997345
-249.2830149,-247.5890618,-113.6920598
-104.4874675,-203.6015345,-195.2748744
-196.879715,-156.5093689,-123.4414978
-164.3921509,-146.4681651,-232.0251973
-161.4866384,-187.1603394,-238.2738266
-102.3613307,-181.8681386,-107.0450452
-190.4798329,-122.1757991,-142.5886326
-227.9542008,-97.68518192,-191.0552139
-252.5158691,-95.65377426,-190.5573883
-83.40748725,-232.1699295,-134.2311986
-166.6986898,-148.2987391,-161.3121313
-128.6713142,-156.0869929,-185.2455622
-145.6462389,-163.7866059,-168.0317332
-232.5755158,-290.3408865,-107.963829
-117.3449389,-144.2876231,-84.05941264
-188.1043345,-135.5398229,-138.2012405
-89.14081031,-104.7877528,-133.5757395
-137.8339335,-99.54038494,-98.20302963
-201.9491043,-186.1152585,-108.6906446
-165.7069117,-106.6162338,-102.3239085
-186.6734568,-120.2502365,-44.3500061
-275.1331279,-160.6278,-137.3771591
-165.9869181,-87.66847229,-118.7125092
-338.1828206,-133.8010483,-204.1503271
-118.7407862,-116.438207,-136.6325912
-342.9601237,-95.15187866,-135.7772776
-237.2786764,-97.54219057,-73.11768214
-163.0465673,-121.2333578,-205.7917887
-69.00397873,-130.9042918,-145.5231959
-141.1517639,-97.36798859,-117.9183375
-190.3586222,-104.0655619,-109.6908417
-140.5756925,-97.40105693,-164.1353734
-166.6612447,-122.8547719,-164.4014664
-111.1989517,-130.6428324,-172.1594899
-247.8064423,-109.0452576,-82.95522624
-146.4007263,-61.23698934,-157.6249695
-113.0006841,-62.91957855,-142.2672551
-121.9109166,-137.5713377,-98.91336186
-97.01755524,-179.7978363,-87.28938867
-69.11175554,-120.5915629,-88.89324697
-99.9405403,-217.2242635,-77.02202352
-210.279981,-58.37848886,-131.2411219
-115.0964686,-77.94449615,-37.51406112
-144.1333059,-50.92403921,-41.18402736
-184.7213898,-57.021897,-75.83169429
-136.3241781,-70.1697909,-44.68017387
-96.5436398,-111.2217534,-62.58657964
-83.93522898,-83.12134934,-93.6607844
-112.5206477,-80.81625875,-78.94382348
-86.20330682,-140.1065674,-98.67633819
-141.4463069,-78.56368032,-36.00842555
-98.54897817,-104.9255905,-64.66980998
-115.8994827,-23.94945653,-111.701842
-85.14473216,-69.59424337,-115.793218
-148.4420573,-111.9160449,-87.22813923
-144.4452947,-85.33720907,-174.3317795
-134.210111,-38.46902275,-115.0423762
-38.76866595,-77.46835454,-127.6919429
-75.24313196,-53.76113319,-80.57168706
-81.80528259,-71.11992773,-58.44001007
-50.73964057,-75.8767039,-74.61597951
-59.07771047,-82.28708141,-96.11012015
-91.9357961,-41.77746836,-70.03069814
-78.85456974,-94.85566522,-43.2439847
-84.72458521,-88.8944931,-102.9253693
-59.72571437,-61.75647052,-85.54264196
-67.14289013,-77.98059655,-36.85692406
-77.49107486,-90.42700895,-41.03365596
-75.86385219,-82.80767567,-115.5751839
-64.34706242,-67.52661895,-86.61746154
-149.1383038,-63.33723992,-78.38062288
-104.9158859,-78.88864263,-182.4801229
-118.8695094,-93.92048389,-58.7559886
-82.92693454,-63.56191254,-67.07801566
-108.6003545,-96.08879597,-73.94989776
-54.1825409,-94.36297736,-105.3444316
-109.7237015,-87.50675709,-59.94341024
-122.7271754,-80.60342915,-138.3312721
-118.7473399,-105.947319,-95.79231009
-75.70524851,-62.78664398,-73.76371257
-68.15954844,-70.11599669,-73.70945231
-60.28083038,-99.57615407,-68.32211623
-64.41423671,-70.50375111,-113.701093
-61.70230706,-100.0336062,-44.09483401
-69.69260152,-38.55917613,-57.4570516
-127.8115565,-104.2148603,-90.74492901
-120.8311717,-70.23608653,-100.5665334
-31.90849368,-84.47611236,-142.2137298
-72.53667195,-52.41501999,-88.65006256
-87.07059351,-66.94437344,-77.50111644
-103.1117122,-87.91881054,-46.01703151
-118.2876606,-53.06287003,-73.25905482
-113.4594167,-57.95710119,-62.02600352
-96.99834316,-52.42244911,-70.22813797
-126.6829453,-153.8663101,-79.53763073
-58.96105194,-68.06580734,-16.40725136
-62.74962552,-105.2069537,-140.8102074
-90.35656167,-67.373003,-82.19975725
-53.56819216,-138.7297287,-54.77301806
-74.33928045,-44.41247,-69.1146787
-81.69217858,-34.34946791,-112.1137956
-85.32247798,-55.31486956,-49.6057694
-50.33511796,-56.02277375,-54.82600022
-51.74237221,-40.08205732,-64.46085994
-50.33689881,-60.88418077,-53.50219981
-74.77625594,-55.38158035,-74.01543491
-68.2854058,-44.00267283,-65.66056061
-21.74987189,-54.02868652,-28.72607295
-95.25260417,-66.1826121,-74.28434754
-54.57130178,-79.17329471,-52.42886209
-74.78573863,-64.18606455,-72.33691152
-76.37848695,-48.73311233,-53.01452001
-56.95987543,-54.84025256,-7.47850736
-84.22817166,-33.56603337,-54.07762401
-81.72918956,-57.92321397,-98.79731671
-74.4966915,-128.3236999,-132.7192841
-81.98736953,-56.4361159,-83.34892275
-64.9075648,-51.43466059,-1.183721382
-72.93695481,-36.23294099,-94.28166452
-100.8641942,-107.0854543,-13.80233669
-121.6278636,-69.71267318,-19.62434805
-83.85622659,-17.89808941,-44.93948174
-68.64689859,-100.2052616,-30.87494405
-118.7981618,-50.26117579,-75.09560714
-2.246390977,-37.90335655,-158.3000686
-145.7132594,-38.7456007,-38.85683576
-49.23678089,-61.01162211,-61.38236873
-69.28099569,-56.60287221,-159.9273909
-106.6046702,-52.04610507,-46.4806935
-145.8073095,-24.55699825,-57.98152923
-105.2466024,-48.05477397,-30.5796725
-193.6655172,-72.66862552,-46.01407734
-47.20594629,-5.83307616,-88.22011186
-144.8312708,-57.3751208,-45.396698
-101.3160553,-53.57557679,-18.81531111
-122.9940389,-40.07701937,-144.7531446
-120.5070648,-42.18810845,-42.80489636
-86.28406507,-115.1682447,-21.50283941
-131.4425583,-56.11088308,-27.50333166
-122.6523158,-139.2073402,-53.91383108
-61.69896062,-55.94893457,-44.63945343
-111.1376063,-136.14328,-214.9862569
-55.2597014,-9.035541533,-38.76842113
-33.81158511,-43.40233612,-66.58272681
-74.99454371,-15.45471255,-39.361214
-65.2906049,-50.72891362,-3.600276836
-66.29094823,-198.5128046,-48.75423025
-90.77499423,-137.4724731,-36.69555283
-130.3281428,-146.9130577,-107.9508292
-217.6736704,-56.04320406,-61.01900228
-87.55616694,-91.65726661,-60.37726593
-186.3770599,-102.4153074,-88.39983432
-123.5552527,-33.85791461,-106.9023667
-281.4161275,-166.3389308,16.30978298
-101.7507312,-55.99109841,-119.8939444
-85.13577017,-119.9421037,4.82253266
-90.28271674,-50.44897842,-40.24473381
-61.74034246,-131.0071004,-27.69782233
-100.4545822,-69.65521941,-83.19361495
-136.2924805,-76.79749552,-130.677063
-122.7259522,-41.05421543,-48.66027704
-183.9540761,-81.85472521,-6.301013943
-104.702605,-95.18951162,-72.05431461
-102.1328252,0.31125895,-52.34564463
-186.0539894,-29.54867355,-71.30897266
-130.8527273,-24.54906587,-52.2504921
-150.4679006,23.03515053,-82.62822023
-129.2648951,-17.41239548,-21.57317265
-105.8612671,17.77625275,-28.71961248
-113.5408478,-69.93334006,8.267043115
-120.0969668,-38.0285581,1.623351494
-104.2195994,-28.17548307,-14.40123494
-75.65416146,-45.6075573,-11.75943629
-58.65891838,-84.57606253,56.81478913
-156.3698476,-50.8796323,-65.7918253
-104.1659139,-52.32250913,3.745608013
-129.9051425,-3.648778283,-118.5776876
-88.094944,26.65535863,-40.52190271
-78.87319947,34.25187321,-27.71905136
-92.91026498,-80.07530849,33.53053073
-89.56352233,-62.47100846,0.17353026
-51.00904528,44.62039964,40.04113897
-67.19706663,30.57775498,41.6988907
-67.04125532,56.65688769,-59.67462158
-88.95135816,67.50886726,38.88174121
-92.82332229,-11.16564306,92.17958259
-68.71060181,10.99890901,49.60246595
-58.28270977,-57.46189944,74.54444885
-53.54900614,-26.33236758,59.70948409
-77.9297816,64.67701658,57.94535256
-62.05914307,55.61065674,75.84253032
-38.48028056,-55.49497667,38.8174413
-50.48364131,29.96392917,61.58912787
-100.8930511,8.371273043,88.96033518
-56.49128596,80.30321377,1.883291237
-31.70030085,67.01393509,74.47580689
-50.2600886,13.24802906,113.688886
-61.08869298,-37.88806659,111.2458496
-57.62683231,89.28629144,113.0222861
-54.00548808,-13.45819219,137.9647268
-23.07004865,50.33594449,47.65687721
-29.8839531,-31.61751906,123.5281525
-38.49675909,75.09174108,199.7775014
-23.5747172,84.39302947,199.1186651
-183.672177,-56.10571892,121.3352734
-43.03486888,-46.0422977,67.47454154
43.5645825,-36.52010617,-11.99388885
-41.5647672,64.18098766,187.0319112
-40.37591585,7.054079707,215.4606628
-52.78525416,-51.15302149,279.3719381
-39.3080101,69.54435348,76.50894421
-60.89836121,69.47896291,221.4739329
-73.10927836,90.99534988,67.74641291
-51.15011025,75.46605522,114.8239763
-43.1653827,26.89999041,112.2935333
-12.73545885,75.27130445,6.464286797
-52.89603742,-41.11329652,185.4206416
-40.20852375,0.149659316,0.078486127
-62.05960337,10.64582805,164.5191651
-24.51376502,69.42787678,131.3472646
-41.3260409,-12.3192234,57.07136788
-39.83085251,-85.19999656,16.1701304
-27.19826964,41.16028848,140.0852916
-36.93201002,50.23271427,122.2293294
-40.50230789,119.4428113,115.2646535
-11.3445816,-64.86126422,119.3546651
-17.61766299,98.78249487,246.2870026
-115.6725219,-4.926232773,205.3060405
-30.55714798,47.19993433,145.4842046
-48.55906677,65.65762521,124.7795397
-52.43040403,54.07178434,141.4939041
-62.86610747,152.6910928,-7.066332177
-188.3754527,-93.71868705,-16.66302743
-43.55875524,68.49117598,84.79126483
-56.97169622,-29.67648378,165.0532411
-73.69634247,-12.59518369,37.13265988
-24.19060135,224.3882955,154.8832042
-30.81269836,57.62425867,223.2430725
-28.90292835,101.496198,121.6714579
-32.67736848,56.82867748,33.85901914
-44.71753359,64.75829188,-60.30888034
-68.22243501,38.82240933,32.30829621
-49.5013906,57.33771515,185.6707287
-94.88239033,153.6486441,69.19406892
-52.45739873,221.1240235,147.4341405
-23.2885623,149.3883381,138.9526895
-49.13458316,70.36491298,135.4806213
-23.16860596,231.4141744,232.412674
-54.39856467,159.0522506,167.4049873
-63.48098375,131.9208451,42.44676718
-13.7866768,249.2453104,152.7890441
-51.52327474,98.55548093,164.1297099
-23.39430555,171.1206233,235.8781382
-71.95013493,161.2394676,10.18906659
-27.74583562,168.4988168,-58.88652547
-78.09552321,130.231624,53.53304292
-10.22771533,139.238089,250.9425456
-19.59528986,160.4513674,181.4238383
0.51698049,-31.8858916,225.8616842
-3.267953713,146.42917,242.7316284
-17.70417404,151.35939,265.5991669
-93.82713223,-42.73371633,111.2515513
-29.88881707,35.90131632,276.341685
-30.88539382,145.762517,222.6927745
-46.94764074,134.6643385,166.7884231
18.67339326,140.5101814,275.5481415
-10.58462365,179.7658348,38.43375969
16.52102152,183.1747029,163.9752369
68.04575728,159.7639656,158.3550186
-39.08615478,146.6067143,83.5655314
-31.21649424,229.2000885,107.374059
-38.41740227,174.0245756,231.9517873
-45.92161115,190.7751554,24.90460203
27.70500184,138.5153771,-114.9143931
19.92361067,222.9733887,219.719218
-42.50037511,178.8194634,138.8234078
-25.48493131,248.2921448,137.8492884
15.59126535,151.8233859,2.528355913
-22.04811606,23.78660077,159.7767248
17.96154911,159.2815841,243.1932068
-12.89287202,249.0950877,246.1958059
44.527867,84.37872189,238.5698445
60.00639757,51.34585604,250.7991587
36.65816752,161.2557805,43.5357005
37.76285045,180.4144503,151.9433408
-60.24028524,75.93408649,141.7188911
-79.35908065,129.5211614,242.9929454
66.34824436,75.13572821,219.0851034
31.5058263,221.9799042,171.4343286
17.38683065,256.831899,270.5663045
7.706324257,62.42352293,172.6612383
138.0258433,109.5799634,166.3081818
55.60709128,-22.99331093,40.26912785
117.6471698,104.4316661,244.1406657
54.66987227,170.1917051,82.55281573
38.49668819,60.63906097,69.225825
98.38106631,252.9343313,122.8215625
-27.24667231,117.2537002,256.0852763
61.01705161,256.4959564,273.2631175
69.54156559,246.7223612,80.9476369
7.025014873,133.8893344,232.9350179
77.22112973,148.0055712,175.0776526
72.89163972,99.52961857,268.9823914
6.622244845,160.9137166,168.5208354
192.0446421,64.33969497,246.5666352
-114.9995442,107.9671326,-11.04837547
0.63401683,150.9012616,198.3318176
22.92103258,91.06192844,8.405850733
91.08088953,216.765391,74.24271456
-35.08622264,156.2352448,145.7871221
-26.15267497,157.5162748,143.3441162
132.5026843,276.9911703,183.4442934
147.5634807,146.5504964,224.2952347
216.1660512,145.5457547,170.1096992
-136.4911321,260.0073751,209.1084137
41.23864999,-38.75430934,213.1929423
-75.95695812,-50.27137185,100.562973
231.0901032,248.1641489,174.1654049
162.3615621,105.1797383,253.8193258
60.90424729,222.2312826,272.8042603
66.29777527,235.7183279,221.0483755
187.3243459,15.86902807,266.1652832
172.2155355,146.828907,248.7941539
130.6371015,161.6124275,259.3739675
55.69312286,121.1420784,176.6139679
15.21983593,256.3712768,239.9400279
211.1517182,38.92947896,170.4511617
-54.42864672,241.091039,180.1412182
172.6852849,117.6845773,288.5206502
103.6245658,131.9207916,144.6645673
192.2943522,243.1140289,192.04853
152.4743735,175.0402845,188.9255371
235.4819743,168.7661846,189.2097368
91.6136678,167.0023712,248.1603597
217.6128794,263.7858226,159.8325271
106.6943588,270.061025,77.80203439
54.68685913,270.9970093,266.7352549
149.357062,-256.6947002,276.1353658
136.1320902,141.542964,65.56511148
45.80207317,20.14015195,154.7360458
224.911026,90.94475651,145.0389811
17.71001181,76.85932157,105.3828731
16.27897134,-6.866599559,178.4241511
-154.1097844,252.0145264,174.286185
-110.9268697,-1.19107437,151.1654015
99.2584737,274.7418213,200.3660266
-35.3400599,49.6501007,253.5074972
92.2290395,192.5816117,176.0124458
-32.58188373,107.8886557,233.3804779
64.29109193,278.2954865,160.1464182
78.76771547,265.4942017,257.5445099
112.1116587,271.6190567,254.9585368
112.569781,111.8497476,271.8570455
5.43989534,228.6198654,134.526413
-27.94086966,284.8917847,165.8651606
65.5368398,60.83990475,105.6681328
112.1510976,219.1257935,131.4644032
24.78244775,139.4236939,216.246727
69.18529257,254.5944824,52.47908211
114.2860896,137.5452118,161.6195374
160.9595475,47.27617645,199.568573
-5.060435,209.9202271,153.5134754
161.1314901,271.9880219,102.6068714
247.5338338,137.9734671,132.443118
222.8943685,49.3197632,281.6369629
265.6874949,271.4293976,245.4108658
72.86964417,231.6942063,133.1819839
159.9201387,261.5680542,268.3330841
238.5528056,261.1005249,223.8367996
-69.47252911,270.3816452,-131.7014808
-14.84387841,129.0083695,260.5963898
41.34504318,254.7233506,289.0573578
127.8086332,266.3550873,12.0259857
242.249354,270.8486481,118.3206
258.5180359,214.7607346,-21.71736905
130.2010397,259.8372269,279.0671235
231.7050171,178.4519272,145.8622334
136.6577117,244.1755982,272.7098389
140.8568192,-147.7043996,259.6185303
5.804578173,-31.2813339,127.4260597
144.7610499,230.6653519,247.3420487
244.8087667,274.1693497,269.8167115
247.7543538,265.0408936,270.8673859
79.45885213,210.7479553,126.3575792
-38.9256684,251.7641983,225.8198777
27.37210273,258.3013382,64.52441405
193.8925501,177.6686745,269.3849945
115.9781825,253.1029053,270.0304108
222.3503062,264.5683899,-32.09014895
48.31639607,219.7590714,-19.21906285
207.0399577,274.782959,100.8243933
225.4707133,250.767479,174.7031288
108.1768824,286.4906235,-170.9917603
222.6478221,208.8459473,229.5166016
150.9798336,264.5275116,-210.1416779
165.0672086,220.2899857,199.0883942
124.598259,257.7441788,-180.7188873
152.512543,247.6485596,19.1057434
165.2930816,223.9324646,140.9243756
228.42541,282.9785767,259.7643204
228.4780833,294.038971,-57.25378415
255.4509125,31.20626879,233.1509857
-83.67777506,-14.35881045,220.2186585
161.308926,255.157608,137.7668052
252.490448,264.9997254,-84.61067297
150.8728433,263.6314163,106.1871014
-126.0740102,287.4332428,209.4142685
163.0398286,264.8143311,281.6141663
44.01280785,208.103302,168.5689535
39.44815221,288.3522644,298.687439
52.87539673,261.3601151,-282.5118714
81.43706002,253.4284973,123.0642486
147.3603452,242.2071228,61.3937111
160.7569288,249.5072708,246.4730378
190.3351644,264.5041275,142.6921592
180.511996,247.4316025,265.8504791
191.9964682,105.6810189,249.8936539
161.7082157,271.4878159,182.3670426
116.9454466,36.04760361,104.448389
83.79614702,155.1275635,245.6213303
-16.40203986,148.8556738,252.5159302
156.3669523,279.8204346,231.4277878
237.14033,245.8757401,249.8497391
239.6795349,21.24737322,243.3249436
78.73408765,153.9827957,143.3731556
248.94399,187.996605,264.4182739
141.1946996,175.9607048,103.9281137
-57.69553123,121.9697528,239.4463578
209.9589844,84.7862854,-57.31548693
258.7612864,128.7850685,276.2857971
32.12472027,249.0750504,131.7869615
179.6232675,179.1041603,92.55691145
4.15299352,161.7465572,246.5269928
51.9800415,231.2419281,274.1302033
111.1276703,282.5435791,251.9228363
122.061676,-24.66426086,134.8833237
82.77142221,292.6537476,31.321373
108.5162303,-202.9493561,92.86308287
130.7462019,-108.6394119,159.6709537
75.6706136,279.3880615,263.4018707
119.8791854,244.475235,192.1434937
18.60885619,252.9784393,121.8282733
130.5597604,245.4962006,253.7735138
222.9551087,281.7464905,114.1204214
222.3068441,-212.7084808,116.2405348
103.1148092,200.5591736,127.5377514
256.4502157,224.7238159,268.7578888
20.74540713,315.8232727,265.3038559
201.7205861,181.3058777,241.4413605
260.6871033,280.1028442,95.32973908
214.4964701,267.7455139,260.3198243
166.4862582,271.3117065,191.0988617
260.4193319,-223.9130249,126.2847099
92.13017273,36.34566498,150.7228661
22.27860767,265.8361816,-219.3613129
221.7309062,253.0430756,9.7510223
254.8983866,223.7246704,271.6400452
37.88430788,272.5870667,167.7776089
114.3172709,137.5276031,134.8119011
-67.85822297,-276.3128357,253.4909745
146.2174632,-157.1345825,279.8428498
68.09147137,260.5382996,138.3411255
158.3381449,231.9919281,141.4222156
8.628877003,35.69574738,105.7034454
226.7180125,306.2026367,137.6192017
237.4633484,-7.406889915,-30.8565521
106.3198954,3.331891298,121.8384762
261.2654216,285.3797302,199.1182938
-267.6775862,28.79985619,239.9706345
126.7474372,-30.9596653,255.4990845
243.1893412,-16.82077789,276.5047303
84.75046283,-127.3977814,266.414383
169.6023636,19.80024719,233.3722
168.2115466,-228.9118958,270.2922211
216.0856934,13.76999855,251.3350601
157.7834822,-107.1763763,265.8908844
166.5056,-229.8096008,286.0239716
169.7394587,-111.0883865,285.0515442
251.9844208,-17.12223053,147.9280377
80.76243083,-246.1324463,269.9016342
1.9070231,-0.576894939,154.8252321
199.4398982,214.7835999,133.1116185
172.7392591,-62.81358719,261.9776917
208.1155853,237.4015656,175.7889919
174.6220935,245.0601501,133.0190749
140.39748,284.6731567,273.4285431
218.108373,242.584259,-17.31092835
250.3094177,208.5871124,228.0642929
238.0935262,244.3553772,259.4954987
53.52660879,-64.32523346,102.6640911
150.164917,260.9584656,163.5833531
155.821209,256.5144043,142.1472551
234.3883768,270.1686707,258.8355484
161.0763321,235.5698242,141.9205599
254.5492045,-23.49564171,236.4732438
149.9761671,-200.9440308,154.1977262
109.4879303,240.9048462,147.6762314
216.3092601,281.1430969,260.0380402
235.3677928,-122.2577209,154.9743061
172.1117452,219.0990143,275.7149811
115.2093455,5.033874035,191.970974
236.5054627,243.3306427,257.9937439
221.6943614,222.3908997,-165.8974457
198.3129323,239.4961243,3.680387259
175.7974345,261.1659546,259.1437073
165.785127,262.7276611,217.6842804
138.3000655,250.067276,103.1554947
164.8487644,228.5810394,268.7225647
127.8683929,239.0695343,208.1384125
175.8750225,275.2762756,245.5076752
250.725352,234.5146484,66.2685318
88.50122802,-37.84457016,274.5917664
259.6718546,291.4431763,267.4289856
174.5401331,39.88527679,276.0444336
170.4292228,276.2604065,-194.5227203
282.3777466,241.7650452,197.4504242
234.3983663,-77.00353241,26.08414459
47.57428742,217.0459747,249.8090515
4.710508995,289.2769775,246.9719849
146.341774,232.9954987,260.3866272
242.0681559,263.571991,249.1230621
247.2746022,258.9909973,235.186264
117.5045344,272.3611755,249.8983154
254.6621144,258.2284546,287.8098145
129.478775,268.6838684,272.1048889
5.157649993,301.7013855,-19.93870163
109.812734,246.2631378,-1.644994974
190.4942029,258.6166992,258.5168762
250.5512746,120.106987,264.3678894
238.5801799,250.9104309,18.4483757
285.0117289,247.8334198,277.5484619
167.3576744,262.6138611,284.8704529
227.3938751,298.3701782,244.0270691
264.9610697,262.8318787,244.4112854
210.8872528,257.140564,19.97710609
252.6235606,288.1061707,258.5575867
197.9872233,278.4407654,269.2843323
226.7737274,268.3228149,276.1273804
243.639267,249.8308105,273.2063599
244.5641632,239.6644745,250.4633636
4.958285335,267.7777405,88.93502808
-37.13304299,213.1358185,299.1750488
-3.49677676,266.0818787,14.13595963
63.81816103,236.019928,280.2186279
231.0518494,292.8389282,242.4884949
68.228981,275.9382019,268.2769775
90.5284748,268.2166748,269.0485229
75.99089243,286.5245056,250.7733612
218.2960663,290.2701416,237.3436127
129.8812866,299.2807617,277.3943481
122.1251812,-29.32258415,295.4606018
249.6873474,56.46137619,239.5827332
208.6532288,14.33974838,293.6796875
127.6796816,257.8782349,259.3320923
301.7990723,269.4525452,268.2319641
253.6869889,246.3554535,-18.54869652
15.41298675,236.1795959,264.9487915
237.2718048,42.57601929,-181.6157074
-24.8170929,12.4907608,154.5082855
216.1588516,-46.69828796,252.5917206
93.65122701,245.2111816,246.2844696
-97.26528165,-229.5781555,259.347168
-32.2043152,255.4706421,266.5630493
228.2094345,184.3803864,256.8032837
247.8550644,-39.52143478,226.3299103
241.1617356,-110.6832428,277.5982971
246.3893051,-24.03006744,256.2380066
245.7387848,-200.3120117,245.4708557
260.7724762,-158.7175903,279.6893616
247.4156876,-108.5148697,4.386952877
276.4980469,-138.8576813,250.5717468
243.3227997,-133.1123962,264.1754456
213.5813217,4.310180664,310.8344421
253.980156,-260.6437988,223.7134552
256.4355011,-312.6187744,4.777331352
132.6213694,-161.0730743,36.58807373
5.3286896,52.31725311,271.2051086
256.7041473,-109.9096527,264.0729065
105.9909733,-197.7696838,-198.6891785
179.573906,-34.68140793,262.7202759
258.8806916,-74.22010803,-1.998886347
265.2658386,-62.30081177,303.2288208
245.7038727,269.3689575,-62.72036743
239.2251434,244.2337341,-46.85816193
247.6020966,-50.80854416,266.5935059
233.0683441,-20.04089928,253.5576172
261.9385758,55.02298355,281.4273071
248.9144821,263.1269836,279.8297424
273.6198731,237.6144714,266.2319336
263.2802048,33.17718506,281.8308716
268.6158295,-59.01938248,275.6979065
208.0276108,-94.92464447,255.218689
126.1078835,111.441864,-235.0157166
273.660431,-102.2571182,50.60723114
230.3893814,-7.025690556,273.1621399
236.9996338,266.7046509,249.5209808
259.4186325,-69.31247711,249.0785065
249.5690155,205.5989838,253.3417816
156.4625263,-1.110035658,280.3457336
262.9716644,10.23041821,253.1622467
228.8551407,-80.14243317,250.8928986
241.2821045,241.6204071,253.861084
115.6594105,-32.62762451,294.4721985
224.7279663,246.4210815,37.3804512
64.3836403,-158.2921906,223.5086975
158.779747,268.8865967,260.1682434
268.0917511,-275.863678,281.238739
0.088387042,240.9432373,54.66110992
144.7967472,252.0133514,-221.886673
269.5900116,-63.23748398,15.10321045
144.5997338,-191.5893402,270.4628601
259.6849442,220.1072693,255.9403992
244.5537567,202.4960938,14.24021721
261.2744065,250.7947083,38.9683876
109.9732552,199.1744232,276.8095398
236.5956574,-8.679853439,292.2325439
140.0637584,224.6411896,277.382019
272.184845,40.60702896,69.34230042
226.3654938,-154.2266083,291.4224243
250.4975586,39.6254921,288.3609619
137.8575363,276.6114502,272.4924927
130.1117534,221.2162476,-250.7932587
73.49176028,284.634613,284.0309448
260.2458267,226.7851105,-170.7796631
229.0152588,38.25268555,196.4312439
257.7483215,267.287262,254.906311
290.441391,122.3669586,217.508316
159.2935734,272.7344971,6.444318295
254.8411866,224.3270569,228.8182831
283.2588959,236.0924835,287.1088867
259.8009949,206.4190674,56.74245834
160.7969837,252.8779144,28.06625366
160.5068073,220.9423523,277.1705627
270.4804382,283.8645935,291.2145996
141.9794717,266.0344238,-141.4053955
195.4834023,216.4968567,220.4299469
252.4560089,240.0171051,254.440979
241.9199677,254.5701141,266.9277344
261.5272217,273.3244934,-4.92392683
243.4548035,237.0302277,266.8557739
286.9956818,260.0713501,277.5782166
247.9210663,-397.6269226,303.9376221
101.2961807,138.6512299,0.316796839
236.0192566,246.5336304,278.3717041
244.3439331,217.6829529,291.6755066
244.7618103,-219.4116364,-141.7885284
245.5461578,275.5248413,32.8396225
243.1443939,252.4762573,251.9181824
240.7975922,26.65267563,261.7810059
241.1167908,248.1027527,267.4513245
277.9750366,256.2840576,269.1138
182.7080078,260.7322388,140.8127747
-108.8423996,274.1447449,47.79931641
31.24258614,-302.7475281,280.5542297
21.05447388,274.0086365,287.3093872
291.0007019,-221.2481995,245.6821899
269.7457275,260.006012,248.0772247
293.6980591,-233.6840668,289.1508484
263.3774719,263.9150085,306.0506897
,242.3943634,12.98163891
,282.5913391,253.2225342
,-15.6305542,285.6237488
,-175.9685364,281.1175842
,251.6614532,14.27256489
,234.5593109,292.9554138
,198.7088623,284.0365295
,237.8776398,253.2006378
,282.5479736,289.9022827
,10.77854443,215.0707855
,249.7481995,287.1209412
,-400.0465088,270.4317017
,-282.1851501,271.0229187
,194.6402283,254.2085419
,-468.7015076,279.7011414
,-269.0288391,24.1428051
,-69.48534393,277.1894226
,268.907135,260.7826233
,13.67125607,278.3522644
,263.1945801,270.2236938
,277.7135315,257.5880127
,258.2192993,174.2410431
,264.175415,236.0973969
,260.9785156,295.0427551
,-175.9450684,263.0871582
,-48.25201797,277.9671021
,-162.7560577,299.7486267
,-115.5942307,254.8738098
,-226.0272675,269.2572327
,216.0613708,283.147522
,-161.8096771,-300.4000854
,-168.9130554,278.1671448
,-99.20654297,273.8421326
,-215.3084106,263.7109375
,-209.0151062,275.4107666
,275.5725403,271.9909668
,-222.6112671,282.7225952
,245.5343475,249.3069916
,282.5274963,280.6144714
,-171.1883698,224.4328613
,-200.7200012,238.8294525
,-164.004776,87.49898529
,-238.5436096,276.624115
,264.824646,4.070549488
,-241.4914398,34.26809311
,248.6106567,244.7967377
,245.3297424,-23.14139557
,-229.118988,282.446106
,-194.0469513,298.7291565
,-211.0114136,59.3057785
,223.9504395,282.3971863
,279.9086304,
,213.8370056,
,269.9924011,
,15.97479057,
,-193.6482391,
,237.187912,
,288.9378662,
,-166.7711792,
,289.5402832,
,-214.737381,
,257.3406982,
,162.0602722,
,37.32049942,
,280.5518494,
,311.0802612,
,304.5532532,
,308.9589539,
,286.3831482,
,290.058075,
,-4.900883675,
,301.3683472,
,272.3917542,
,270.8359375,
,294.2198792,
,265.6729431,
,253.3730316,
,222.2254028,
,3.678512096,
,247.9247589,
,209.7726746,
,247.2115021,
,270.2795105,
,283.7929993,
,264.1943359,
,23.4652195,
,-22.7166748,
,291.2720032,
,290.6285095,
,-35.43509293,
,282.3543396,
,281.1906128,
,250.5622101,
,251.481308,
,270.5397339,
,244.2475281,
,251.4893188,
,265.5038147,
,274.6430359,
,261.5664978,
,272.3962097,
,258.462738,
,268.0148621,
,242.2051086,
,211.5306396,
,299.858429,
,252.0085907,
,256.8845215,
,-0.899495482,
,269.1991272,
,283.5189514,
,261.9916382,
,290.6400452,
,254.6170502,
,265.7333374,
,235.4992523,
,303.9562378,
,226.8695374,
,250.1843872,
,261.8840637,
,253.1680756,
,284.3289185,
,-258.9747314,
,-346.7153015,
,264.8935547,
,268.1777649,
,268.5188904,
,261.7938538,
,212.8462219,
,46.97715378,
,245.5167236,
,225.1907501,
,277.3546143,
,272.3614807,
,257.8389587,
,240.4664612,
,-2.897626162,
,295.3295593,
,304.4958191,
,282.182373,
,277.0396729,
,-16.09413719,
,287.2980042,
,226.7370911,
,310.0621948,
,206.4567566,
,238.4004974,
,255.679657,
